point_id,city,dc_official_sidewalk_present,dist_to_sidewalk_m
0,dc,0,
1,dc,0,
10,dc,0,
100,dc,1,0.0
1000,dc,1,0.0
1001,dc,1,0.0
1002,dc,1,0.0
1003,dc,1,0.0
1004,dc,1,0.0
1005,dc,1,0.0
1006,dc,1,1.1893941901535152
1007,dc,1,0.0
1008,dc,1,0.0
1009,dc,1,1.583481195226676
101,dc,1,0.0
1010,dc,1,1.751025516787629
1011,dc,1,0.0
1012,dc,1,2.1331059057142867
1013,dc,1,0.0
1014,dc,1,2.1132376024484705
1015,dc,1,0.0
1016,dc,1,0.0
1017,dc,1,0.0
1018,dc,1,0.0
1019,dc,1,0.0
102,dc,1,0.0
1020,dc,1,0.0
1021,dc,1,0.0
1022,dc,1,0.0
1023,dc,1,1.9636012007796595
1024,dc,1,0.0
1025,dc,1,0.0
1026,dc,1,0.0
1027,dc,1,0.0
1028,dc,1,0.0
1029,dc,1,1.254205240188364
103,dc,0,
1030,dc,1,0.0
1031,dc,1,0.0
1032,dc,1,0.0
1033,dc,1,0.0
1034,dc,1,0.0
1035,dc,1,0.0
1036,dc,1,0.9717100990315777
1037,dc,1,0.0
1038,dc,1,1.4750634093650286
1039,dc,1,0.0
104,dc,1,0.0
1040,dc,1,0.0
1041,dc,1,1.6707804409628115
1042,dc,1,0.0
1043,dc,1,0.0
1044,dc,1,0.0
1045,dc,1,0.0
1046,dc,1,0.0
1047,dc,1,0.0
1048,dc,1,0.0
1049,dc,1,0.0
105,dc,1,0.0
1050,dc,1,0.0
1051,dc,1,0.0
1052,dc,1,0.0
1053,dc,1,0.0
1054,dc,1,0.0
1055,dc,1,4.759948713296719
1056,dc,1,0.0
1057,dc,1,2.1862875255329857
1058,dc,1,0.0
1059,dc,1,0.0
1060,dc,1,0.0
1061,dc,1,0.0
1062,dc,1,2.7246395165824646
1063,dc,1,0.0
1064,dc,1,0.0
1065,dc,1,0.0
1066,dc,1,0.0
1067,dc,1,0.0
1068,dc,1,2.3004922904470066
1069,dc,1,1.9252722577230972
107,dc,1,7.903154950022702
1070,dc,1,1.4834547788913135
1071,dc,1,0.0
1072,dc,1,1.346047959655015
1073,dc,1,0.0
1074,dc,1,0.0
1075,dc,1,0.0
1076,dc,1,0.0
1077,dc,1,0.0
1078,dc,1,1.2338023349319533
1079,dc,1,0.0
108,dc,1,0.0
1080,dc,1,1.8827727901933315
1081,dc,1,0.0
1082,dc,1,0.0
1083,dc,1,0.0
1084,dc,1,1.7986247978254768
1085,dc,1,0.8245207413820633
1086,dc,1,4.317072444002964
1087,dc,1,0.0
1088,dc,1,0.0
1089,dc,1,11.61304190957852
109,dc,1,0.0
1090,dc,1,0.0
1091,dc,1,0.0
1092,dc,1,2.186615173282785
1093,dc,1,0.0
1094,dc,1,0.0
1095,dc,1,19.71817149957897
1096,dc,1,1.2203192834768108
1097,dc,1,0.0
1098,dc,1,0.0
1099,dc,1,5.850725409449641
11,dc,0,
110,dc,1,0.0
1100,dc,1,0.0
1101,dc,1,1.6717812219193235
1102,dc,1,8.266639791630109
1103,dc,1,2.247372085257404
1104,dc,1,2.304756781193722
1105,dc,1,0.0
1106,dc,1,0.0
1107,dc,1,0.0
1108,dc,1,0.0
1109,dc,1,1.7802855824410768
111,dc,1,5.739183898438749
1110,dc,1,0.0
1111,dc,1,0.0
1112,dc,1,0.0
1113,dc,1,1.9801301997557366
1114,dc,1,0.0
1115,dc,1,0.0
1116,dc,1,0.0
1117,dc,1,0.0
1118,dc,1,6.703347829107063
1119,dc,0,
112,dc,1,8.069165287050573
1120,dc,1,0.0
1121,dc,1,0.8470209638879704
1122,dc,1,1.5978163452229956
1123,dc,1,4.875869415169192
1124,dc,1,0.0
1125,dc,1,1.4915055265226285
1126,dc,1,0.0
1127,dc,1,3.1336685229112087
1128,dc,1,0.0
1129,dc,1,0.10577586513537648
113,dc,1,8.239418045765204
1130,dc,1,1.8842844599609423
1131,dc,1,1.593567307812074
1132,dc,1,0.7159233216234736
1133,dc,1,1.8873157073085955
1134,dc,1,0.0
1135,dc,1,0.0
1136,dc,0,
1137,dc,1,0.0
1138,dc,1,0.40700045887233177
1139,dc,1,5.808166713793697
114,dc,1,0.0
1140,dc,1,0.0
1141,dc,1,0.0
1142,dc,1,0.0
1143,dc,1,8.136079784640316
1144,dc,1,5.285019229841705
1145,dc,1,6.839190832180079
1146,dc,1,5.6207285736227
1147,dc,1,2.518858606784567
1148,dc,1,0.0
1149,dc,1,6.084253036287594
115,dc,1,0.0
1150,dc,1,6.250135428072051
1151,dc,1,5.2609578481394745
1152,dc,1,1.9657411522859862
1153,dc,1,0.0
1154,dc,1,0.0
1155,dc,1,6.4019948797236985
1156,dc,1,4.99181557527473
1157,dc,1,1.1085921461813357
1158,dc,1,7.258209508642064
1159,dc,1,3.7089071694120617
116,dc,1,0.0
1160,dc,1,3.8657815649460976
1161,dc,1,0.8660417032179933
1162,dc,1,5.845044810207949
1163,dc,1,4.163206429329167
1164,dc,1,7.302797824308528
1165,dc,1,3.9833077151951373
1166,dc,1,19.10606951337054
1167,dc,1,5.383931013603686
1168,dc,1,11.945097432914233
1169,dc,1,8.573042450915382
117,dc,1,0.0
1170,dc,1,3.1001159494650765
1171,dc,1,0.0
1172,dc,1,7.125940494109157
1173,dc,1,5.379512531931373
1174,dc,1,6.004347004494618
1175,dc,1,0.0
1176,dc,1,2.497074547351786
1177,dc,1,0.0
1178,dc,1,0.0
1179,dc,1,2.6787369758200303
118,dc,1,0.0
1180,dc,1,0.0
1181,dc,1,0.0
1182,dc,1,0.0
1183,dc,1,0.0
1184,dc,1,0.0
1185,dc,1,2.268343518092713
1186,dc,1,0.0
1187,dc,1,0.0
1188,dc,1,2.2705562005281044
1189,dc,1,0.0
119,dc,1,20.153413264885025
1190,dc,1,0.0
1191,dc,1,0.0
1192,dc,1,0.0
1193,dc,1,0.0
1194,dc,1,0.0
1195,dc,1,1.5609957520769402
1196,dc,1,0.0
1197,dc,1,6.64730761514935
1198,dc,1,2.5643073233717373
1199,dc,1,0.0
12,dc,0,
120,dc,0,
1200,dc,1,0.0
1201,dc,1,11.995531780692298
1202,dc,1,1.2690699716053446
1203,dc,1,2.243175318785072
1204,dc,1,1.1985332388031567
1205,dc,1,0.0
1206,dc,1,0.0
1207,dc,1,0.0
1208,dc,1,3.3744754659005247
1209,dc,1,1.212174553822337
121,dc,1,0.0
1210,dc,1,0.0
1211,dc,1,0.0
1212,dc,1,0.0
1213,dc,1,0.0
1214,dc,1,0.2624611811432265
1215,dc,1,8.050870892726557
1216,dc,1,7.256572109708884
1217,dc,1,5.824934058238516
1218,dc,1,0.0
1219,dc,1,0.0
122,dc,1,4.6723753482275
1220,dc,1,0.0
1221,dc,1,0.0
1222,dc,1,1.857370588206144
1223,dc,1,0.0
1224,dc,1,0.0
1225,dc,1,0.0
1226,dc,1,0.0
1227,dc,1,0.0
1228,dc,1,0.0
1229,dc,1,0.0
123,dc,1,10.75850510360355
1230,dc,1,0.0
1231,dc,1,0.0
1232,dc,1,2.126388169100166
1233,dc,1,6.775309683603798
1234,dc,1,0.0
1235,dc,1,4.86313817073299
1236,dc,1,0.8241397198393617
1237,dc,1,0.0
1238,dc,1,0.0
1239,dc,1,2.474798113169673
124,dc,1,0.0
1240,dc,1,0.0
1241,dc,1,0.0
1242,dc,1,0.0
1243,dc,1,0.0
1244,dc,1,2.4403928321788597
1245,dc,1,6.501058593067284
1246,dc,1,1.3613576714868434
1247,dc,1,13.269701968778712
1248,dc,1,0.0
1249,dc,1,0.0
125,dc,1,0.0
1250,dc,1,0.0006538681363814815
1251,dc,1,0.0
1252,dc,1,0.0
1253,dc,1,0.0
1254,dc,1,0.0
1255,dc,1,4.832777132070221
1256,dc,1,0.0
1257,dc,1,2.346145507000726
1258,dc,1,0.0
1259,dc,1,0.0
126,dc,1,0.0
1260,dc,1,1.7207111090103862
1261,dc,1,7.2183788099188115
1262,dc,1,0.0
1263,dc,1,0.0
1264,dc,1,7.262507176284738
1265,dc,1,0.0
1266,dc,1,0.0
1267,dc,1,0.0
1268,dc,1,1.294436776660403
1269,dc,1,0.0
127,dc,1,0.4028847752272649
1270,dc,1,0.0
1271,dc,1,2.2878561411981457
1272,dc,1,5.317164919391641
1273,dc,1,2.742127808394016
1274,dc,1,0.0
1275,dc,1,4.637310917016685
1276,dc,1,0.5948769581314031
1277,dc,1,0.0
1278,dc,1,6.72455137909456
1279,dc,1,0.0
128,dc,1,1.5948485496787341
1280,dc,1,2.6734452033053846
1281,dc,1,6.434090933505173
1282,dc,1,0.0
1283,dc,1,0.0
1284,dc,1,0.0
1285,dc,1,1.2756297725325128
1286,dc,1,6.943920569798646
1287,dc,1,6.942183173147416
1288,dc,1,17.16841161130201
1289,dc,1,6.560148840747554
129,dc,1,0.0
1290,dc,1,2.2382123353542682
1291,dc,1,0.0
1292,dc,1,0.0
1293,dc,1,0.0
1294,dc,0,
1295,dc,1,0.0
1296,dc,1,0.0
1297,dc,1,0.0
1298,dc,0,
1299,dc,0,
13,dc,0,
130,dc,1,0.0
1300,dc,0,
1301,dc,0,
1302,dc,0,
1303,dc,0,
1304,dc,0,
1305,dc,0,
1306,dc,0,
1307,dc,0,
1308,dc,0,
1309,dc,0,
131,dc,1,0.8037486747375773
1310,dc,0,
1311,dc,0,
1312,dc,0,
1313,dc,0,
1314,dc,0,
1315,dc,0,
1316,dc,0,
1317,dc,0,
1318,dc,0,
1319,dc,0,
132,dc,1,0.0
1320,dc,0,
1321,dc,0,
1322,dc,0,
1323,dc,0,
1324,dc,0,
1325,dc,0,
1326,dc,0,
1327,dc,0,
1328,dc,0,
1329,dc,0,
133,dc,1,0.0
1330,dc,1,0.0
1331,dc,1,0.0
1332,dc,1,0.0
1333,dc,1,0.0
1334,dc,1,0.0
1335,dc,1,3.6697888273014
1336,dc,1,0.0
1337,dc,1,0.0
1338,dc,1,0.11892853023738759
1339,dc,1,2.0806676289879493
134,dc,1,1.5126783333324647
1340,dc,0,
1341,dc,1,0.0
1342,dc,1,1.8075519426076039
1343,dc,0,
1344,dc,1,2.3808956122219813
1345,dc,1,0.6053037337735226
1346,dc,1,0.0
1347,dc,1,0.0
1348,dc,1,1.869790454499133
1349,dc,1,1.3533860892531095
135,dc,1,0.0
1350,dc,0,
1351,dc,1,0.0
1352,dc,1,0.0
1353,dc,0,
1354,dc,1,6.311657413308753
1355,dc,1,0.0
1356,dc,0,
1357,dc,1,2.021291614202553
1358,dc,1,1.3247914313983
1359,dc,1,6.283431833386879
136,dc,1,1.9825648035738463
1360,dc,0,
1361,dc,1,0.0
1362,dc,1,0.0
1363,dc,1,0.0
1364,dc,1,0.0
1365,dc,1,0.0
1366,dc,1,0.0
1367,dc,1,14.269512056263078
1368,dc,1,0.0
1369,dc,0,
137,dc,1,0.0
1370,dc,0,
1371,dc,1,0.0
1372,dc,0,
1373,dc,0,
1374,dc,1,0.0
1375,dc,1,0.0
1376,dc,1,0.0
1377,dc,1,0.0
1378,dc,1,0.0
1379,dc,1,0.0
138,dc,1,0.0
1380,dc,1,1.3865792926483111
1381,dc,1,0.0
1382,dc,1,0.0
1383,dc,1,0.0
1384,dc,1,0.0
1385,dc,1,0.0
1386,dc,1,0.0
1387,dc,1,0.0
1388,dc,1,0.0
1389,dc,1,0.0
139,dc,1,0.0
1390,dc,1,0.0
1391,dc,1,23.151304409882265
1392,dc,1,0.0
1393,dc,1,0.0
1394,dc,1,0.0
1395,dc,1,0.0
1396,dc,1,13.26455558026725
1397,dc,0,
1398,dc,1,0.0
1399,dc,1,0.0
14,dc,0,
140,dc,1,1.930859778423749
1400,dc,1,0.0
1401,dc,1,0.0
1402,dc,1,0.0
1403,dc,1,0.0
1404,dc,1,0.0
1405,dc,1,0.0
1406,dc,1,0.0
1407,dc,1,10.533591886746805
1408,dc,1,0.0
1409,dc,1,2.8884768714694333
141,dc,1,1.9624936595823852
1410,dc,1,0.0
1411,dc,1,0.0
1412,dc,1,2.0457299926153403
1413,dc,1,13.076760971449962
1414,dc,1,0.0
1415,dc,1,0.0
1416,dc,1,0.0
1417,dc,1,7.191417496427334
1418,dc,1,1.3192938536459315
1419,dc,1,2.7549886796074223
142,dc,1,0.0
1420,dc,1,0.0
1421,dc,1,0.0
1422,dc,1,0.0
1423,dc,1,0.0
1424,dc,1,0.0
1425,dc,1,0.0
1426,dc,1,0.0
1427,dc,1,0.0
1428,dc,0,
1429,dc,1,0.0
143,dc,1,0.0
1430,dc,1,0.0
1431,dc,0,
1432,dc,1,0.0
1433,dc,1,0.0
1434,dc,1,4.617347531046755
1435,dc,1,1.8888948377026915
1436,dc,1,2.40850901613345
1437,dc,1,0.0
1438,dc,1,4.282718677834169
1439,dc,1,0.0
144,dc,1,0.0
1440,dc,1,0.0
1441,dc,1,2.264285679225955
1442,dc,1,0.0
1443,dc,1,0.0
1444,dc,1,0.0
1445,dc,1,1.4740778542686355
1446,dc,1,0.0
1447,dc,1,0.0
1448,dc,1,0.0
1449,dc,1,2.2330142539322955
145,dc,1,7.123697501636835
1450,dc,1,0.0
1451,dc,1,0.0
1452,dc,1,2.0791998688284554
1453,dc,1,15.987496302019155
1454,dc,1,0.5322718672700337
1455,dc,1,1.5493715802969015
1456,dc,1,14.666216974011746
1457,dc,1,0.0
1458,dc,1,0.0
1459,dc,1,0.0
146,dc,1,0.0
1460,dc,1,0.0
1461,dc,1,0.0
1462,dc,1,0.0
1463,dc,1,0.0
1464,dc,1,0.0
1465,dc,1,1.5792529046536072
1466,dc,1,0.0
1467,dc,1,5.163536619872622
1468,dc,1,0.0
1469,dc,1,4.10574407653884
147,dc,1,0.0
1470,dc,1,0.0
1471,dc,1,2.181257098458185
1472,dc,1,2.1935930201364156
1473,dc,1,0.0
1474,dc,1,0.0
1475,dc,1,0.0
1476,dc,1,0.0
1477,dc,1,3.155606394630568
1478,dc,1,0.0
1479,dc,1,0.0
148,dc,1,0.30054633662630864
1480,dc,1,0.0
1481,dc,1,0.0
1482,dc,1,3.434307187660285
1483,dc,1,0.0
1484,dc,1,0.0
1485,dc,1,1.8992933038339803
1486,dc,1,0.0
1487,dc,1,18.32020826163448
1488,dc,0,
1489,dc,0,
149,dc,1,1.6656062146560286
1490,dc,1,11.531919056501568
1491,dc,1,2.826919898959926
1492,dc,1,0.0
1493,dc,1,0.0
1494,dc,1,0.0
1495,dc,1,0.0
1496,dc,1,0.0
1497,dc,1,13.827180516330491
1498,dc,1,0.0
1499,dc,1,0.0
15,dc,0,
150,dc,1,2.280778726590347
1500,dc,1,0.0
1501,dc,1,0.0
1502,dc,1,0.0
1503,dc,1,0.0
1504,dc,1,0.0
1505,dc,1,0.0
1506,dc,1,0.0
1507,dc,1,0.0
1508,dc,1,0.0
1509,dc,0,
151,dc,1,17.02317640285026
1510,dc,1,1.339110769080245
1511,dc,1,2.3531939507318826
1512,dc,1,0.0
1513,dc,1,0.7300285068537662
1514,dc,1,0.0
1515,dc,1,0.0
1516,dc,1,0.0
1517,dc,1,0.0
1518,dc,1,0.0
1519,dc,1,2.003302547304586
152,dc,1,2.0742813499257826
1520,dc,1,0.0
1521,dc,1,6.6271632868740245
1522,dc,1,7.422136793796851
1523,dc,1,0.0
1524,dc,1,0.0
1525,dc,1,0.0
1526,dc,1,0.0
1527,dc,1,0.0
1528,dc,1,0.0
1529,dc,1,0.0
153,dc,1,0.0
1530,dc,1,0.0
1531,dc,1,0.0
1532,dc,1,1.4567989777946344
1533,dc,1,0.0
1534,dc,1,0.0
1535,dc,1,3.5371581311404467
1536,dc,1,1.1618117545457953
1537,dc,1,0.0
1538,dc,1,0.0
1539,dc,1,0.0
154,dc,1,0.0
1540,dc,1,0.0
1541,dc,1,0.0
1542,dc,1,0.0
1543,dc,1,0.0
1544,dc,1,0.0
1545,dc,1,1.2645737076995995
1546,dc,1,0.0
1547,dc,1,2.710376699234473
1548,dc,1,3.029553016418625
1549,dc,1,0.0
155,dc,1,1.6241438492650568
1550,dc,1,0.0
1551,dc,1,2.223659873275423
1552,dc,1,0.0
1553,dc,1,0.0
1554,dc,1,1.0348569805590881
1555,dc,1,0.0
1556,dc,1,4.034501036429645
1557,dc,1,0.0
1558,dc,1,0.0
1559,dc,1,0.0
156,dc,1,0.0
1560,dc,1,1.7464677364281533
1561,dc,1,0.0
1562,dc,1,0.0
1563,dc,1,0.0
1564,dc,1,4.167903412086009
1565,dc,1,1.9730886379293626
1566,dc,1,0.0
1567,dc,1,0.0
1568,dc,1,0.0
1569,dc,1,0.0
157,dc,1,1.1086205067322428
1570,dc,1,0.8767427207984237
1571,dc,1,0.0
1572,dc,1,0.0
1573,dc,1,0.0
1574,dc,1,0.0
1575,dc,1,0.0
1576,dc,0,
1577,dc,1,14.123466337457835
1578,dc,1,0.0
1579,dc,1,0.0
158,dc,1,1.8165176354687425
1580,dc,1,1.7388447879911875
1581,dc,1,0.0
1582,dc,1,0.958730145736772
1583,dc,1,0.0
1584,dc,1,0.0
1585,dc,1,0.0
1586,dc,1,0.0
1587,dc,1,0.0
1588,dc,1,0.0
1589,dc,1,0.0
159,dc,1,0.0
1590,dc,1,0.0
1591,dc,1,0.0
1592,dc,1,0.0
1593,dc,1,0.08625272157500477
1594,dc,1,0.0
1595,dc,1,0.0
1596,dc,1,0.0
1597,dc,1,0.0
1598,dc,1,0.0
1599,dc,1,0.0
16,dc,0,
160,dc,1,0.0
1600,dc,1,0.0
1601,dc,1,0.0
1602,dc,1,0.0
1603,dc,1,0.0
1604,dc,1,0.0
1605,dc,1,1.2461623407579823
1606,dc,1,3.004849733580103
1607,dc,1,0.0
1608,dc,1,2.004193733557171
1609,dc,1,0.0
161,dc,1,0.0
1610,dc,1,0.0
1611,dc,1,0.0
1612,dc,1,0.0
1613,dc,1,1.5642013999893596
1614,dc,1,0.0
1615,dc,1,0.0
1616,dc,1,0.0
1617,dc,1,1.9541567052514601
1618,dc,1,1.0992175473044012
1619,dc,1,5.2366120713437265
162,dc,1,0.0
1620,dc,1,1.9267357986837508
1621,dc,1,2.0537632395835637
1622,dc,1,0.0
1623,dc,1,2.7586638389628253
1624,dc,1,2.7643122853429976
1625,dc,1,0.0
1626,dc,1,6.230234341692165
1627,dc,1,0.0
1628,dc,1,0.0
1629,dc,1,0.0
163,dc,1,0.0
1630,dc,1,0.0
1631,dc,1,20.822257873843046
1632,dc,1,7.002730910329495
1633,dc,1,0.0
1634,dc,1,3.1766921360873996
1635,dc,1,0.0
1636,dc,1,10.781662083537446
1637,dc,1,0.0
1638,dc,1,0.0
1639,dc,1,0.0
164,dc,1,0.0
1640,dc,1,24.82453562270841
1641,dc,1,1.6993082049021393
1642,dc,1,2.7225521843460134
1643,dc,1,3.2748359570706156
1644,dc,1,0.0
1645,dc,1,0.0
1646,dc,1,0.0
1647,dc,1,0.0
1648,dc,1,0.0
1649,dc,0,
165,dc,1,6.908862253407164
1650,dc,1,2.17998213036061
1651,dc,1,0.0
1652,dc,1,0.0
1653,dc,1,1.4227588675462597
1654,dc,1,0.0
1655,dc,1,0.0
1656,dc,1,0.0
1657,dc,1,0.0
1658,dc,1,2.8617350364344074
1659,dc,1,0.0
166,dc,1,0.4664979989733364
1660,dc,1,0.0
1661,dc,1,0.0
1662,dc,1,0.0
1663,dc,1,0.0
1664,dc,1,19.16274698381631
1665,dc,1,1.1390783914301532
1666,dc,1,1.347481508384593
1667,dc,1,0.0
1668,dc,1,20.409423987120416
1669,dc,1,0.0
167,dc,1,9.68034245518166
1670,dc,1,0.0
1671,dc,1,0.0
1672,dc,1,0.0
1673,dc,1,0.0
1674,dc,1,1.183875238422906
1675,dc,1,1.2143590746780042
1676,dc,1,0.8504929399425166
1677,dc,1,0.0
1678,dc,1,0.0
1679,dc,1,0.05025781955830769
168,dc,0,
1680,dc,1,0.0
1681,dc,1,0.0
1682,dc,1,0.0
1683,dc,1,0.0
1684,dc,1,0.0
1685,dc,1,0.0
1686,dc,1,0.5146547724774224
1687,dc,1,0.0
1688,dc,1,2.074114591659472
1689,dc,1,0.0
169,dc,1,24.49255147863721
1690,dc,1,0.0
1691,dc,1,0.0
1692,dc,1,0.0
1693,dc,1,0.5167525989888458
1694,dc,1,0.0
1695,dc,1,0.0
1696,dc,1,0.0
1697,dc,1,0.0
1698,dc,1,1.3661020045022738
1699,dc,1,0.0
17,dc,0,
170,dc,1,0.0
1700,dc,1,0.0
1701,dc,1,0.0
1702,dc,1,2.114590026292588
1703,dc,1,0.5743142091069431
1704,dc,1,0.0
1705,dc,1,0.0
1706,dc,1,1.7759735179924896
1707,dc,1,0.0
1708,dc,1,0.0
1709,dc,1,1.246322862625549
171,dc,1,0.0
1710,dc,1,0.0
1711,dc,1,5.587952632081917
1712,dc,1,0.0
1713,dc,1,0.0
1714,dc,1,0.0
1715,dc,1,1.0788795781052938
1716,dc,1,0.0
1717,dc,1,0.0
1718,dc,1,0.0
1719,dc,1,0.0
172,dc,1,0.0
1720,dc,1,2.0712612503403047
1721,dc,1,2.6869070709044873
1722,dc,1,0.8600323953691118
1723,dc,1,0.0
1724,dc,1,0.0
1725,dc,1,0.0
1726,dc,1,0.0
1727,dc,1,0.0
1728,dc,1,0.0
1729,dc,1,0.0
173,dc,1,0.0
1730,dc,1,0.0
1731,dc,1,2.4361336831064566
1732,dc,1,0.0
1733,dc,1,0.0
1734,dc,1,0.0
1735,dc,1,0.0
1736,dc,1,2.019304153257448
1737,dc,1,1.9025655815393185
1738,dc,1,0.0
1739,dc,1,2.0520518497751055
174,dc,1,0.0
1740,dc,1,0.0
1741,dc,1,1.99557669412142
1742,dc,1,0.0
1743,dc,1,12.264913249302266
1744,dc,1,0.0
1745,dc,1,0.0
1746,dc,1,1.1976790142691571
1747,dc,1,6.280864993789455
1748,dc,1,0.0
1749,dc,1,2.0387324653151175
175,dc,1,0.0
1750,dc,1,0.0
1751,dc,1,0.778551419996918
1752,dc,1,0.0
1753,dc,1,0.0
1754,dc,1,0.0
1755,dc,1,0.0
1756,dc,1,0.0
1757,dc,1,0.0
1758,dc,1,0.0
1759,dc,1,0.0
176,dc,1,0.0
1760,dc,1,0.0
1761,dc,1,0.0
1762,dc,1,0.0
1763,dc,1,0.0
1764,dc,1,0.0
1765,dc,1,0.0
1766,dc,1,0.0
1767,dc,1,18.374609768320823
1768,dc,1,17.61346716446914
1769,dc,1,16.292676313114825
177,dc,1,0.0
1770,dc,1,0.0
1771,dc,1,4.599443722780951
1772,dc,1,5.048649483913667
1773,dc,1,0.0
1774,dc,1,0.0
1775,dc,1,0.0
1776,dc,1,0.0
1777,dc,1,0.0
1778,dc,1,0.0
1779,dc,1,0.0
178,dc,1,9.690538922240705
1780,dc,1,0.0
1781,dc,1,0.0
1782,dc,1,0.0
1783,dc,1,0.0
1784,dc,1,0.0
1785,dc,1,0.0
1786,dc,1,0.0
1787,dc,1,0.0
1788,dc,1,0.0
1789,dc,1,0.0
179,dc,1,2.5654108781913942
1790,dc,1,0.0
1791,dc,1,0.0
1792,dc,1,3.444165330874409
1793,dc,1,0.0
1794,dc,1,0.0
1795,dc,1,0.0
1796,dc,1,0.0
1797,dc,1,0.0
1798,dc,1,0.0
1799,dc,1,4.397586820607304
18,dc,0,
180,dc,1,0.0
1800,dc,1,0.0
1801,dc,1,0.0
1802,dc,1,7.447886598634086
1803,dc,1,0.0
1804,dc,1,0.0
1805,dc,1,0.0
1806,dc,1,6.562154193084262
1807,dc,1,0.0
1808,dc,1,0.0
1809,dc,1,0.0
181,dc,1,1.9840878350431541
1810,dc,1,0.0
1811,dc,1,0.0
1812,dc,1,19.168094154737275
1813,dc,1,0.0
1814,dc,1,0.0
1815,dc,1,2.8040302542063165
1816,dc,1,0.0
1817,dc,1,0.0
1818,dc,1,0.0
1819,dc,1,0.0
182,dc,1,1.9640129663510015
1820,dc,1,0.0
1821,dc,1,0.0
1822,dc,1,0.0
1823,dc,1,0.0
1824,dc,1,0.0
1825,dc,1,0.0
1826,dc,1,4.385159343409454
1827,dc,1,2.3582209466923207
1828,dc,1,5.113088150225803
1829,dc,1,0.0
183,dc,1,0.0
1830,dc,1,0.0
1831,dc,1,1.6094721309553968
1832,dc,1,2.6943064388281335
1833,dc,1,0.0
1834,dc,1,0.0
1835,dc,1,2.2204416950713814
1836,dc,1,0.0
1837,dc,1,0.0
1838,dc,1,0.7834142496823039
1839,dc,1,2.3760151850029487
184,dc,1,1.6658571271327436
1840,dc,1,2.4083394168167516
1841,dc,1,0.0
1842,dc,1,0.0
1843,dc,1,1.3461870650554428
1844,dc,1,0.0
1845,dc,1,0.0
1846,dc,1,0.0
1847,dc,1,3.108907277682122
1848,dc,1,0.0
1849,dc,1,0.0
185,dc,1,2.8974769615415696
1850,dc,1,8.455667426245931
1851,dc,1,8.262556758658539
1852,dc,1,0.0
1853,dc,1,0.0
1854,dc,1,0.0
1855,dc,1,0.0
1856,dc,1,0.0
1857,dc,1,0.0
1858,dc,1,0.0
1859,dc,1,0.0
186,dc,1,0.0
1860,dc,1,13.396595026547752
1861,dc,1,0.0
1862,dc,1,0.0
1863,dc,1,0.0
1864,dc,1,5.4314649350967095
1865,dc,1,0.0
1866,dc,1,0.0
1867,dc,1,1.2399711190563465
1868,dc,1,3.037305572064541
1869,dc,1,0.0
187,dc,1,1.8173580598447792
1870,dc,1,0.0
1871,dc,1,0.0
1872,dc,1,0.0
1873,dc,1,3.822602178330665
1875,dc,1,0.0
1876,dc,1,0.0
1877,dc,1,0.0
1878,dc,1,4.7969708520153995
1879,dc,1,5.826825293862719
188,dc,1,2.178307173813798
1880,dc,1,0.0
1881,dc,1,0.0
1882,dc,1,0.0
1883,dc,1,2.4017925454267943
1884,dc,1,0.0
1885,dc,1,0.0
1886,dc,1,0.0
1887,dc,1,4.385551393459152
1888,dc,1,5.183580462033746
1889,dc,1,2.953633651787004
189,dc,1,0.0
1890,dc,1,0.0
1891,dc,1,6.1510668245005125
1892,dc,1,0.7254983182229716
1893,dc,1,0.0
1894,dc,1,0.0
1895,dc,0,
1896,dc,1,0.0
1897,dc,1,0.0
1898,dc,1,0.0
1899,dc,1,1.703876256878288
19,dc,0,
190,dc,1,13.373991494794677
1900,dc,1,0.0
1901,dc,1,1.4016454746072204
1902,dc,1,0.0
1903,dc,1,0.0
1904,dc,1,5.336031715577051
1905,dc,1,2.5419289483870937
1906,dc,1,6.65221212180635
1907,dc,1,0.0
1908,dc,1,4.540916504298873
1909,dc,1,0.0
191,dc,1,1.6036679017434097
1910,dc,1,2.2766825558449115
1911,dc,1,0.0
1912,dc,1,0.0
1913,dc,0,
1914,dc,1,0.0
1915,dc,1,6.637472354767497
1916,dc,1,0.0
1917,dc,1,0.0
1918,dc,1,0.0
1919,dc,1,5.083264912840273
192,dc,1,3.230189465746863
1920,dc,1,6.077696272532855
1921,dc,1,0.0
1922,dc,1,2.345221736922892
1923,dc,1,0.0
1924,dc,1,21.518741492171902
1925,dc,1,0.0
1926,dc,1,8.016269787299171
1927,dc,1,0.0
1928,dc,1,0.0
1929,dc,1,0.0
193,dc,1,0.0
1930,dc,1,9.19685530678403
1931,dc,1,0.0
1932,dc,1,0.0
1933,dc,1,6.3091801840412165
1934,dc,1,0.0
1935,dc,1,0.0
1936,dc,1,0.0
1937,dc,1,8.59847531576987
1938,dc,1,0.0
1939,dc,1,6.576333347299033
194,dc,1,10.398178126618186
1940,dc,1,0.0
1941,dc,1,0.0
1942,dc,1,0.0
1943,dc,1,17.735877868864105
1944,dc,1,0.0
1945,dc,1,0.0
1946,dc,1,1.595740778842993
1947,dc,0,
1948,dc,1,0.0
1949,dc,1,0.0
195,dc,1,24.623427342441577
1950,dc,1,0.0
1951,dc,1,0.0
1952,dc,0,
1953,dc,1,0.0
1954,dc,1,0.0
1955,dc,1,8.22368613112247
1956,dc,1,0.0
1957,dc,0,
1958,dc,1,2.3296350419420255
1959,dc,0,
196,dc,1,0.0
1960,dc,1,2.2717163845772634
1961,dc,0,
1962,dc,1,0.0
1963,dc,1,0.0
1964,dc,1,5.752062194870273
1965,dc,1,4.722055849109141
1966,dc,1,0.9077989280592155
1967,dc,1,15.935236429858989
1968,dc,1,0.0
1969,dc,1,0.0
197,dc,1,0.0
1970,dc,1,8.970900264404362
1971,dc,1,2.3891787851150874
1972,dc,1,0.0
1973,dc,1,5.649337813361692
1974,dc,1,5.483544392506503
1975,dc,1,0.0
1976,dc,0,
1977,dc,0,
1978,dc,1,0.0
1979,dc,1,0.0
198,dc,1,0.0
1980,dc,0,
1981,dc,0,
1982,dc,0,
1983,dc,1,0.0
1984,dc,0,
1985,dc,0,
1986,dc,0,
1987,dc,1,0.0
1988,dc,1,1.2584311152259657
1989,dc,1,0.0
199,dc,0,
1990,dc,1,0.0
1991,dc,1,1.5504825154089372
1992,dc,1,0.0
1993,dc,1,2.1420306537796194
1994,dc,1,1.8032519207541942
1995,dc,1,1.612786382517737
1996,dc,1,0.0
1997,dc,1,0.0
1998,dc,1,0.0
1999,dc,1,0.0
2,dc,0,
20,dc,0,
200,dc,0,
2000,dc,1,0.0
2001,dc,1,0.0
2002,dc,1,0.0
2003,dc,1,2.0902966492318633
2004,dc,1,0.0
2005,dc,1,0.0
2006,dc,1,0.0
2007,dc,1,0.0
2008,dc,1,0.0
2009,dc,1,0.0
201,dc,0,
2010,dc,1,1.5449689869642411
2011,dc,1,2.7680423145310007
2012,dc,1,0.0
2013,dc,1,2.1284374988860666
2014,dc,1,0.0
2015,dc,1,0.0
2016,dc,1,2.6408862449670614
2017,dc,1,0.0
2018,dc,0,
2019,dc,0,
202,dc,0,
2020,dc,1,0.0
2021,dc,1,0.0
2022,dc,1,0.0
2023,dc,1,0.0
2024,dc,1,0.0
2025,dc,1,2.1227732207686594
2026,dc,1,3.5331088391541767
2027,dc,1,0.0
2028,dc,1,1.7201984538006874
2029,dc,1,0.0
203,dc,0,
2030,dc,1,3.0712774831672474
2031,dc,1,2.1568894969383594
2032,dc,1,2.4736870486380664
2033,dc,1,0.0
2034,dc,1,0.0
2035,dc,1,2.7673846025140243
2036,dc,1,2.353519997725918
2037,dc,1,0.0
2038,dc,1,0.0
2039,dc,1,0.0
204,dc,1,0.0
2040,dc,1,3.339583863557347
2041,dc,1,0.0
2042,dc,1,0.0
2043,dc,1,0.0
2044,dc,1,0.0
2045,dc,1,0.0
2046,dc,1,1.4994505323870493
2047,dc,1,2.0555022962223566
2048,dc,1,0.0
2049,dc,1,1.6606297904994078
205,dc,1,10.337752565709552
2050,dc,1,1.1105212828459723
2051,dc,1,0.0
2052,dc,1,1.1539296837203248
2053,dc,1,0.0
2054,dc,1,0.0
2055,dc,1,0.0
2056,dc,1,0.0
2057,dc,1,0.0
2058,dc,1,0.0
2059,dc,1,0.0
206,dc,0,
2060,dc,1,0.0
2061,dc,1,0.0
2062,dc,1,0.0
2063,dc,1,3.116087111473159
2064,dc,1,0.0
2065,dc,1,2.814842126107079
2066,dc,1,0.0
2067,dc,1,0.0
2068,dc,1,0.0
2069,dc,1,0.0
207,dc,0,
2070,dc,1,0.0
2071,dc,1,0.0
2072,dc,1,2.72988318811179
2073,dc,0,
2074,dc,1,0.0
2075,dc,1,0.0
2076,dc,1,2.6070265890732567
2077,dc,1,0.0
2078,dc,1,0.0
2079,dc,1,0.0
208,dc,1,14.947700085948659
2080,dc,1,0.0
2081,dc,1,1.764107116283507
2082,dc,1,1.9596771141694802
2083,dc,1,0.0
2084,dc,1,0.0
2085,dc,1,0.0
2086,dc,1,0.0
2087,dc,1,0.0
2088,dc,1,5.436451317811797
2089,dc,1,0.0
209,dc,0,
2090,dc,1,0.0
2091,dc,1,2.482135333319238
2092,dc,1,0.0
2093,dc,1,0.0
2094,dc,1,0.0
2095,dc,1,0.0
2096,dc,1,2.0982750361103095
2097,dc,1,1.968640860608756
2098,dc,1,0.0
2099,dc,1,0.3628243768263472
21,dc,0,
210,dc,0,
2100,dc,1,0.0
2101,dc,1,2.0163759809590416
2102,dc,1,0.0
2103,dc,1,0.0
2104,dc,1,0.0
2105,dc,1,0.0
2106,dc,1,3.1296876162833707
2107,dc,1,2.2593342046101004
2108,dc,1,2.5853057314698664
2109,dc,1,0.0
211,dc,1,15.7627001745351
2110,dc,1,0.0
2111,dc,1,1.9633943630567618
2112,dc,1,0.0
2113,dc,1,20.68559772283265
2114,dc,1,0.0
2115,dc,1,0.4811491774050505
2116,dc,1,0.0
2117,dc,1,2.031561828716667
2118,dc,1,1.987983242942802
2119,dc,1,0.0
212,dc,1,4.0123693754802074
2120,dc,1,0.0
2121,dc,1,0.0
2122,dc,1,0.0
2123,dc,1,0.0
2124,dc,1,0.0
2125,dc,1,2.4142038267078876
2126,dc,1,0.0
2127,dc,1,0.0
2128,dc,1,1.9655354091571493
2129,dc,1,2.7453810965048855
213,dc,0,
2130,dc,1,0.0
2131,dc,1,0.0
2132,dc,1,1.106066085426859
2133,dc,1,0.0
2134,dc,1,0.0
2135,dc,1,0.0
2136,dc,1,0.0
2137,dc,1,2.297346583048362
2138,dc,1,0.0
2139,dc,1,0.0
214,dc,0,
2140,dc,1,0.8856758744225101
2141,dc,1,0.0
2142,dc,1,0.0
2143,dc,1,0.0
2144,dc,1,0.0
2145,dc,1,0.0
2146,dc,1,0.0
2147,dc,1,1.1658647806607945
2148,dc,1,1.5421479693248
2149,dc,1,0.0
215,dc,0,
2150,dc,1,0.0
2151,dc,1,0.0
2152,dc,1,0.0
2153,dc,1,0.0
2154,dc,1,0.0
2155,dc,1,0.0
2156,dc,1,0.0
2157,dc,1,0.0
2158,dc,1,0.0
2159,dc,1,0.0
216,dc,0,
2160,dc,1,0.0
2161,dc,1,0.0
2162,dc,1,0.0
2163,dc,1,1.879625159117403
2164,dc,1,6.582561087071864
2165,dc,1,16.622418414173314
2166,dc,1,0.0
2167,dc,1,0.0
2168,dc,1,0.0
2169,dc,1,0.0
217,dc,0,
2170,dc,1,2.4010108051799604
2171,dc,1,0.0
2172,dc,1,0.0
2173,dc,1,0.356377031379307
2174,dc,1,0.0
2175,dc,1,0.0
2176,dc,1,0.0
2177,dc,1,0.0
2178,dc,1,0.0
2179,dc,0,
218,dc,0,
2180,dc,1,0.0
2181,dc,1,1.619320577092531
2182,dc,1,0.0
2183,dc,1,1.917702455752645
2184,dc,1,0.0
2185,dc,1,0.0
2186,dc,1,4.325925512703382
2187,dc,1,3.8240503060129614
2188,dc,1,0.0
2189,dc,1,2.3882398197274157
219,dc,0,
2190,dc,1,0.0
2191,dc,1,0.0
2192,dc,1,2.1181917378311215
2193,dc,1,0.0
2194,dc,1,0.0
2195,dc,1,0.0
2196,dc,1,0.0
2197,dc,1,0.0
2198,dc,1,0.0
2199,dc,1,0.0
22,dc,0,
220,dc,0,
2200,dc,1,1.721149747156387
2201,dc,1,0.0
2202,dc,1,2.2194665284594683
2203,dc,1,0.0
2204,dc,1,3.6798546696926886
2205,dc,1,0.0
2206,dc,1,0.0
2207,dc,1,0.0
2208,dc,1,0.0
2209,dc,1,0.0
221,dc,0,
2210,dc,1,0.0
2211,dc,1,0.0
2212,dc,1,0.0
2213,dc,1,0.0
2214,dc,1,0.0
2215,dc,1,1.2452644409832898
2216,dc,1,0.0
2217,dc,1,0.0
2218,dc,1,1.475245763314486
2219,dc,1,0.0
222,dc,0,
2220,dc,1,0.971615868682052
2221,dc,1,0.0
2222,dc,1,0.0
2223,dc,1,0.0
2224,dc,1,3.8424501273968414
2225,dc,1,0.0
2226,dc,1,0.0
2227,dc,1,0.0
2228,dc,1,0.0
2229,dc,1,0.0
223,dc,0,
2230,dc,1,1.4494855960664421
2231,dc,1,1.7220161337746918
2232,dc,1,0.049892038238295744
2233,dc,1,0.0
2234,dc,1,0.0
2235,dc,1,0.0
2236,dc,1,0.0
2237,dc,1,0.0
2238,dc,1,1.7368881003605239
2239,dc,1,0.0
224,dc,0,
2240,dc,1,0.0
2241,dc,1,0.0
2242,dc,1,0.0
2243,dc,1,10.336314588800418
2244,dc,1,0.0
2245,dc,1,0.0
2246,dc,1,0.0
2247,dc,1,0.0
2248,dc,1,3.3058820762329924
2249,dc,1,0.0
225,dc,0,
2250,dc,1,0.0
2251,dc,1,0.0
2252,dc,1,2.7238419635934856
2253,dc,1,2.1067313687435285
2254,dc,1,0.0
2255,dc,1,0.0
2256,dc,1,7.372978598059228
2257,dc,1,0.0
2258,dc,1,1.2673251041792017
2259,dc,1,0.0
226,dc,0,
2260,dc,1,0.0
2261,dc,1,0.0
2262,dc,1,0.0
2263,dc,1,0.0
2264,dc,1,1.7951189672825545
2265,dc,1,0.0
2266,dc,1,0.0
2267,dc,1,1.1455059515111392
2268,dc,1,2.1099131910028217
2269,dc,1,8.98115577560512
227,dc,0,
2270,dc,1,1.6290352569793691
2271,dc,1,3.5421226686831813
2272,dc,1,1.5400862332486995
2273,dc,1,0.0
2274,dc,1,0.0
2275,dc,1,1.4406656484253857
2276,dc,1,3.017698868328892
2277,dc,1,1.5031893082983758
2278,dc,1,0.0
2279,dc,1,0.0
228,dc,0,
2280,dc,1,0.0
2281,dc,1,0.0
2282,dc,1,0.0
2283,dc,1,0.0
2284,dc,1,4.453046657067814
2285,dc,1,0.0
2286,dc,1,0.0
2287,dc,1,0.0
2288,dc,1,0.0
2289,dc,1,0.0
229,dc,0,
2290,dc,1,0.0
2291,dc,1,0.0
2292,dc,1,0.0
2293,dc,1,1.26957744309817
2294,dc,1,21.50216283140388
2295,dc,1,0.0
2296,dc,0,
2297,dc,1,8.318762473602613
2298,dc,1,0.0
2299,dc,1,1.6117282311702739
23,dc,0,
230,dc,0,
2300,dc,1,0.0
2301,dc,1,0.0
2302,dc,1,0.0
2303,dc,1,0.0
2304,dc,1,0.0
2305,dc,1,2.256395514897248
2306,dc,1,0.0
2307,dc,1,0.0
2308,dc,1,2.8754580947675494
2309,dc,1,0.0
231,dc,0,
2310,dc,1,0.0
2311,dc,1,0.0
2312,dc,1,2.5828545015439452
2313,dc,1,0.0
2314,dc,1,0.0
2315,dc,1,0.0
2316,dc,1,0.0
2317,dc,1,0.0
2318,dc,1,2.9828068299011505
2319,dc,1,0.0
232,dc,0,
2320,dc,1,0.0
2321,dc,1,0.0
2322,dc,1,0.9490265633286579
2323,dc,1,17.700040666131866
2324,dc,1,0.0
2325,dc,1,0.0
2326,dc,1,1.7487280846754305
2327,dc,1,0.0
2328,dc,1,0.0
2329,dc,1,2.95515481631491
233,dc,0,
2330,dc,1,0.0
2331,dc,1,2.117142171798496
2332,dc,1,0.0
2333,dc,1,0.0
2334,dc,1,0.0
2335,dc,1,1.460229183911974
2336,dc,1,1.987513751625877
2337,dc,1,0.0
2338,dc,1,0.0
2339,dc,1,0.0
234,dc,0,
2340,dc,1,0.0
2341,dc,1,2.96576923056155
2342,dc,1,0.0
2343,dc,1,0.0
2344,dc,1,0.0
2345,dc,1,4.966025545242095
2346,dc,1,0.0
2347,dc,1,1.8506966964798444
2348,dc,1,0.0
2349,dc,1,0.0
235,dc,0,
2350,dc,1,22.05669128765941
2351,dc,1,0.0
2352,dc,1,0.0
2353,dc,1,0.0
2354,dc,1,3.77652145195281
2355,dc,1,3.3077842627646206
2356,dc,1,0.0
2357,dc,1,0.0
2358,dc,1,0.0
2359,dc,1,0.0
236,dc,0,
2360,dc,1,0.0
2361,dc,1,0.0
2362,dc,1,0.0
2363,dc,1,0.0
2364,dc,1,0.0
2365,dc,1,0.0
2366,dc,1,1.6017104555836492
2367,dc,1,3.4294373269010787
2368,dc,1,0.0
2369,dc,1,0.0
237,dc,0,
2370,dc,1,0.0
2371,dc,1,1.9821882434217757
2372,dc,1,0.8403457259766688
2373,dc,1,0.0
2374,dc,1,0.0
2375,dc,1,0.0
2376,dc,1,0.0
2377,dc,1,0.0
2378,dc,1,6.67556509364416
2379,dc,1,2.4905060321078314
238,dc,0,
2380,dc,1,0.0
2381,dc,1,0.0
2382,dc,1,0.0
2383,dc,1,12.101822300518181
2384,dc,1,7.024934061664016
2385,dc,1,0.0
2386,dc,1,3.459479945691197
2387,dc,1,14.41889502304219
2388,dc,1,2.389796876576524
2389,dc,1,5.150926747553171
239,dc,0,
2390,dc,1,3.5691887647805447
2391,dc,1,0.0
2392,dc,1,0.0
2393,dc,1,0.0
2394,dc,1,0.0
2395,dc,1,3.4241219755723655
2396,dc,1,0.0
2397,dc,1,2.3395599619198952
2398,dc,1,0.0
2399,dc,1,2.5340868381195496
24,dc,0,
240,dc,0,
2400,dc,1,0.0
2401,dc,1,0.0
2402,dc,1,1.6508708554686786
2403,dc,1,0.0
2404,dc,1,12.950202890533394
2405,dc,1,0.0
2406,dc,1,0.0
2407,dc,1,0.0
2408,dc,1,0.0
2409,dc,1,0.0
241,dc,0,
2410,dc,1,0.0
2411,dc,1,1.7259951090919214
2412,dc,1,0.0
2413,dc,1,0.0
2414,dc,1,0.0
2415,dc,1,0.0
2416,dc,1,0.0
2417,dc,1,0.0
2418,dc,1,0.0
2419,dc,1,0.0
242,dc,0,
2420,dc,1,0.0
2421,dc,1,0.0
2422,dc,1,0.0
2423,dc,1,0.0
2424,dc,1,1.3403668891550355
2425,dc,1,0.0
2426,dc,1,1.4110060083868305
2427,dc,1,0.0
2428,dc,1,0.0
2429,dc,1,0.0
243,dc,0,
2430,dc,1,0.0
2431,dc,1,1.7944019778994043
2432,dc,1,0.8684902543130961
2433,dc,1,0.0
2434,dc,1,0.0
2435,dc,1,0.0
2436,dc,1,0.0
2437,dc,1,0.0
2438,dc,1,0.0
2439,dc,1,1.2685957604556743
244,dc,0,
2440,dc,1,0.0
2441,dc,1,0.0
2442,dc,1,1.5003793775233798
2443,dc,1,2.7113882690738484
2444,dc,1,0.0
2445,dc,1,9.55962860962016
2446,dc,1,2.202652777796139
2447,dc,1,0.0
2448,dc,1,1.9678945139622077
2449,dc,1,0.0
245,dc,0,
2450,dc,1,2.2626039194574123
2451,dc,1,1.4884883435515284
2452,dc,1,0.7258142867508216
2453,dc,1,11.6727775688083
2454,dc,1,10.29878902479982
2455,dc,1,5.965676956266955
2456,dc,1,0.0
2457,dc,1,0.0
2458,dc,1,0.0
2459,dc,1,0.0
246,dc,0,
2460,dc,1,9.30138453232178
2461,dc,1,3.2352100507419705
2462,dc,1,0.0
2463,dc,1,0.0
2464,dc,1,0.0
2465,dc,1,0.0
2466,dc,1,1.0825347401113778
2467,dc,1,1.8043949326665532
2468,dc,1,0.0
2469,dc,1,0.0
247,dc,0,
2470,dc,1,0.0
2471,dc,1,0.1288941849708692
2472,dc,1,3.9020762371309794
2473,dc,1,2.7571349782963783
2474,dc,1,3.5807703521926713
2475,dc,1,3.2702095219824288
2476,dc,1,2.3237133496572917
2477,dc,1,0.0
2478,dc,1,0.0
2479,dc,1,0.9200836471552568
248,dc,0,
2480,dc,1,12.073635015661434
2481,dc,1,0.0
2482,dc,1,6.7463819821963815
2483,dc,1,0.0
2484,dc,1,0.0
2485,dc,1,2.303425943789086
2486,dc,1,0.0
2487,dc,1,9.005478683376843
2488,dc,1,2.423476256348829
2489,dc,1,0.0
249,dc,0,
2490,dc,1,6.427227771178155
2491,dc,1,0.0
2492,dc,1,0.0
2493,dc,1,0.3262927692788176
2494,dc,0,
2495,dc,1,0.0
2496,dc,1,0.0
2497,dc,1,20.630799179848164
2498,dc,1,6.260536169256876
2499,dc,1,2.7848603707157586
25,dc,0,
250,dc,0,
2500,dc,1,0.0
2501,dc,1,0.0
2502,dc,1,3.233040449855604
2503,dc,1,17.487155561676527
2504,dc,1,0.0
2505,dc,1,4.938391134365076
2506,dc,1,1.0871256120883606
2507,dc,0,
2508,dc,1,0.0
2509,dc,1,4.974382506667523
251,dc,0,
2510,dc,1,2.115951661825588
2511,dc,1,4.674092324454651
2512,dc,1,5.0395920760677475
2513,dc,1,4.054847476793038
2514,dc,1,5.9962439491656
2515,dc,1,0.0
2516,dc,1,5.357493842698154
2517,dc,1,5.647325022216691
2518,dc,1,4.010788531458951
2519,dc,1,6.798532846774486
252,dc,0,
2520,dc,1,6.446996427938761
2521,dc,1,0.0
2522,dc,1,5.61367445064277
2523,dc,1,5.481106527297532
2524,dc,1,5.088692872271145
2525,dc,1,16.559880643659117
2526,dc,1,3.986753363207593
2527,dc,1,11.450296011207225
2528,dc,1,0.0
2529,dc,1,4.621046976700872
253,dc,0,
2530,dc,1,2.7539144889366187
2531,dc,1,3.6603564883869746
2532,dc,1,0.0
2533,dc,1,6.893338370148575
2534,dc,1,0.0
2535,dc,1,2.7937089176789303
2536,dc,1,8.12458429455924
2537,dc,1,0.0
2538,dc,1,3.322114182688564
2539,dc,1,0.0
254,dc,0,
2540,dc,1,4.866271925351107
2541,dc,1,3.37825072757856
2542,dc,1,3.5242616613336906
2543,dc,1,0.0
2544,dc,1,0.0
2545,dc,1,1.5491024028646816
2546,dc,1,0.6820417744332349
2547,dc,1,0.0
2548,dc,1,0.0
2549,dc,1,0.0
255,dc,0,
2550,dc,1,5.918948031057242
2551,dc,1,0.0
2552,dc,1,0.0
2553,dc,1,2.2102331549526277
2554,dc,1,3.3251054468783443
2555,dc,1,1.8693670331495698
2556,dc,1,0.0
2557,dc,1,0.0
2558,dc,1,0.0
2559,dc,1,0.0
256,dc,0,
2560,dc,1,17.888944100324863
2561,dc,1,0.0
2562,dc,1,0.0
2563,dc,1,2.2601453170198553
2564,dc,1,7.440677903674647
2565,dc,1,18.912377127135883
2566,dc,1,0.0
2567,dc,1,0.0
2568,dc,1,0.0
2569,dc,1,0.0
257,dc,0,
2570,dc,1,0.0
2571,dc,1,0.0
2572,dc,1,0.0
2573,dc,1,0.0
2574,dc,1,0.0
2575,dc,1,0.0
2576,dc,1,0.0
2577,dc,1,0.0
2578,dc,1,22.119883659217372
2579,dc,1,6.790738838450512
258,dc,0,
2580,dc,1,0.0
2581,dc,1,0.0
2582,dc,1,0.0
2583,dc,1,0.0
2584,dc,0,
2585,dc,1,8.505552715123072
2586,dc,1,0.0
2587,dc,1,0.0
2588,dc,1,10.271858835584903
2589,dc,1,11.338748044347135
259,dc,0,
2590,dc,1,7.525152147252696
2591,dc,1,10.503581546911375
2592,dc,1,9.001216473486046
2593,dc,1,0.0
2594,dc,1,2.1732305989498393
2595,dc,1,0.0
2596,dc,0,
2597,dc,1,2.514694447581698
2598,dc,1,0.0014925702593182346
2599,dc,1,3.086897727462084
26,dc,0,
260,dc,0,
2600,dc,1,0.0
2601,dc,1,0.0
2602,dc,1,0.0
2603,dc,1,0.0
2604,dc,1,5.446204611989674
2605,dc,1,15.085006743157361
2606,dc,1,2.0420128112612765
2607,dc,1,4.493762619089869
2608,dc,1,0.0
2609,dc,1,0.0
261,dc,0,
2610,dc,1,2.310397578208845
2611,dc,1,2.3926830909593484
2612,dc,1,5.051520151059456
2613,dc,1,5.713747484188818
2614,dc,1,0.0
2615,dc,1,0.0
2616,dc,1,0.0
2617,dc,1,8.768197692657633
2618,dc,1,6.4146557120830545
2619,dc,1,0.0
262,dc,0,
2620,dc,1,0.0
2621,dc,1,0.0
2622,dc,1,5.445982019473703
2623,dc,1,1.8676671842917678
2624,dc,1,0.0
2625,dc,1,6.28630352236044
2626,dc,1,3.924910858495995
2627,dc,1,6.876071660803059
2628,dc,1,6.526056772615733
2629,dc,1,0.0
263,dc,0,
2630,dc,1,0.0
2631,dc,1,4.601583461865207
2632,dc,1,7.686745162122924
2633,dc,1,0.0
2634,dc,1,13.200792447110523
2635,dc,1,4.65097132214574
2636,dc,1,2.6621626911791085
2637,dc,1,5.060667971450694
2638,dc,1,5.40558097285982
2639,dc,1,4.531209250398242
264,dc,0,
2640,dc,1,6.500925795443483
2641,dc,1,5.384840690158417
2642,dc,1,6.167411294758774
2643,dc,1,5.706358013457843
2644,dc,1,0.0
2645,dc,1,6.998427593196014
2646,dc,1,0.0
2647,dc,0,
2648,dc,0,
2649,dc,0,
265,dc,0,
2650,dc,0,
2651,dc,0,
2652,dc,0,
2653,dc,0,
2654,dc,0,
2655,dc,0,
2656,dc,0,
2657,dc,0,
2658,dc,0,
2659,dc,0,
266,dc,0,
2660,dc,0,
2661,dc,1,7.195202255305116
2662,dc,0,
2663,dc,0,
2664,dc,0,
2665,dc,0,
2666,dc,0,
2667,dc,0,
2668,dc,0,
2669,dc,0,
267,dc,0,
2670,dc,0,
2671,dc,0,
2672,dc,0,
2673,dc,0,
2674,dc,0,
2675,dc,0,
2676,dc,0,
2677,dc,0,
2678,dc,0,
2679,dc,0,
268,dc,0,
2680,dc,0,
2681,dc,0,
2682,dc,0,
2683,dc,0,
2684,dc,0,
2685,dc,0,
2686,dc,0,
2687,dc,0,
2688,dc,0,
2689,dc,0,
269,dc,0,
2690,dc,0,
2691,dc,0,
2692,dc,0,
2693,dc,0,
2694,dc,0,
2695,dc,0,
2696,dc,0,
2697,dc,0,
2698,dc,0,
2699,dc,0,
27,dc,0,
270,dc,0,
2700,dc,0,
2701,dc,0,
2702,dc,0,
2703,dc,0,
2704,dc,0,
2705,dc,0,
2706,dc,0,
2707,dc,0,
2708,dc,0,
2709,dc,0,
271,dc,0,
2710,dc,0,
2711,dc,1,0.0
2712,dc,1,5.962925670364556
2713,dc,1,1.9721376724751052
2714,dc,1,0.0
2715,dc,1,0.0
2716,dc,1,6.021546899588914
2717,dc,1,0.0
2718,dc,1,3.9606273805554753
2719,dc,1,0.0
272,dc,0,
2720,dc,1,0.0
2721,dc,1,0.0
2722,dc,1,0.0
2723,dc,1,0.0
2724,dc,1,0.0
2725,dc,1,11.763040929241939
2726,dc,1,0.0
2727,dc,1,0.0
2728,dc,1,0.0
2729,dc,1,0.0
273,dc,0,
2730,dc,1,0.0
2731,dc,1,0.0
2732,dc,1,0.0
2733,dc,1,0.0
2734,dc,1,0.0
2735,dc,1,0.0
2736,dc,1,0.0
2737,dc,1,0.0
2738,dc,1,0.0
2739,dc,1,0.0
274,dc,0,
2740,dc,1,0.0
2741,dc,1,0.0
2742,dc,1,0.0
2743,dc,1,0.0
2744,dc,1,0.0
2745,dc,1,0.0
2746,dc,1,0.0
2747,dc,1,0.8595519509963
2748,dc,1,1.8983378269172384
2749,dc,1,0.049305342216784266
275,dc,0,
2750,dc,1,2.1810996865859393
2751,dc,1,0.0
2752,dc,1,0.0
2753,dc,1,0.0
2754,dc,1,0.0
2755,dc,1,0.0
2756,dc,1,0.0
2757,dc,1,0.0
2758,dc,1,1.3106321499038889
2759,dc,1,0.0
276,dc,0,
2760,dc,1,19.20571566030458
2761,dc,1,0.0
2762,dc,1,0.0
2763,dc,1,0.0
2764,dc,1,0.0
2765,dc,1,0.0
2766,dc,1,0.0
2767,dc,1,0.0
2768,dc,1,0.0
2769,dc,1,0.0
277,dc,0,
2770,dc,1,2.0689871546842302
2771,dc,1,0.0
2772,dc,1,0.0
2773,dc,1,0.0
2774,dc,1,0.0
2775,dc,1,0.0
2776,dc,1,2.6355833058266485
2777,dc,1,0.0
2778,dc,1,0.0
2779,dc,1,0.0
278,dc,0,
2780,dc,1,0.0
2781,dc,1,0.0
2782,dc,1,0.0
2783,dc,1,0.0
2784,dc,1,11.7744115668839
2785,dc,1,5.291843240592249
2786,dc,1,0.0
2787,dc,1,9.770614437969886
2788,dc,1,0.0
2789,dc,1,0.0
279,dc,0,
2790,dc,1,0.0
2791,dc,1,0.0
2792,dc,1,0.0
2793,dc,1,0.0
2794,dc,1,0.0
2795,dc,1,0.0
2796,dc,1,0.0
2797,dc,1,0.0
2798,dc,1,0.0
2799,dc,1,0.0
28,dc,0,
280,dc,0,
2800,dc,1,0.0
2801,dc,1,2.6226414673748537
2802,dc,1,0.25291639325812204
2803,dc,1,0.0
2804,dc,1,0.0
2805,dc,1,0.0
2806,dc,1,0.0
2807,dc,1,0.0
2808,dc,1,0.0
2809,dc,1,0.0
281,dc,0,
2810,dc,1,0.0
2811,dc,1,1.5016953263654007
2812,dc,1,0.0
2813,dc,1,0.0
2814,dc,1,0.0
2815,dc,1,0.0
2816,dc,1,0.0
2817,dc,1,0.0
2818,dc,1,0.0
2819,dc,1,1.5998190684202263
282,dc,0,
2820,dc,1,0.0
2821,dc,1,0.0
2822,dc,1,22.691568569874192
2823,dc,1,0.0
2824,dc,1,0.0
2825,dc,1,0.0
2826,dc,1,0.0
2827,dc,1,0.0
2828,dc,1,0.0
2829,dc,1,0.0
283,dc,0,
2830,dc,1,0.0
2831,dc,1,0.0
2832,dc,1,0.0
2833,dc,1,0.0
2834,dc,1,0.0
2835,dc,1,2.9803383666750594
2836,dc,1,0.0
2837,dc,1,0.0
2838,dc,1,0.0
2839,dc,1,0.0
284,dc,0,
2840,dc,1,0.0
2841,dc,1,0.0
2842,dc,1,0.0
2843,dc,1,0.0
2844,dc,1,2.776445078185393
2845,dc,1,0.0
2846,dc,1,0.0
2847,dc,1,0.0
2848,dc,1,0.0
2849,dc,1,0.0
285,dc,0,
2850,dc,1,0.0
2851,dc,1,0.0
2852,dc,1,0.0
2853,dc,1,2.028536779409411
2854,dc,1,0.0
2855,dc,1,1.4610585110915684
2856,dc,1,0.0
2857,dc,1,1.5614907137769047
2858,dc,1,0.0
2859,dc,1,0.0
286,dc,0,
2860,dc,1,0.0
2861,dc,1,0.0
2862,dc,1,0.0
2863,dc,1,0.0
2864,dc,1,1.8834366345044808
2865,dc,1,0.0
2866,dc,1,0.0
2867,dc,1,0.0
2868,dc,1,0.0
2869,dc,1,0.0
287,dc,0,
2870,dc,1,0.0
2871,dc,1,0.0
2872,dc,1,0.0
2873,dc,1,0.0
2874,dc,1,0.0
2875,dc,1,0.0
2876,dc,1,0.0
2877,dc,1,0.0
2878,dc,1,6.967902568016434
2879,dc,1,0.0
288,dc,0,
2880,dc,1,0.0
2881,dc,1,0.0
2882,dc,1,0.0
2883,dc,1,0.0
2884,dc,1,0.0
2885,dc,1,0.0
2886,dc,1,0.0
2887,dc,1,0.0
2888,dc,1,0.0
2889,dc,1,0.0
289,dc,0,
2890,dc,1,0.0
2891,dc,1,0.0
2892,dc,1,0.0
2893,dc,1,0.0
2894,dc,1,0.0
2895,dc,1,0.0
2896,dc,1,0.0
2897,dc,1,0.0
2898,dc,1,0.0
2899,dc,1,0.0
29,dc,0,
290,dc,0,
2900,dc,1,0.0
2901,dc,1,0.0
2902,dc,1,0.0
2903,dc,1,0.0
2904,dc,1,0.0
2905,dc,1,0.0
2906,dc,1,0.0
2907,dc,1,0.0
2908,dc,1,0.0
2909,dc,1,0.0
291,dc,0,
2910,dc,1,0.0
2911,dc,1,0.0
2912,dc,1,0.0
2913,dc,1,0.0
2914,dc,1,0.0
2915,dc,1,0.0
2916,dc,1,0.0
2917,dc,1,12.669685357087346
2918,dc,1,0.0
2919,dc,1,0.0
292,dc,0,
2920,dc,1,0.0
2921,dc,1,0.0
2922,dc,1,0.0
2923,dc,1,0.0
2924,dc,1,0.0
2925,dc,1,0.0
2926,dc,1,0.0
2927,dc,1,0.0
2928,dc,1,0.0
2929,dc,1,0.0
293,dc,0,
2930,dc,1,0.0
2931,dc,1,0.0
2932,dc,1,0.0
2933,dc,1,0.0
2934,dc,1,0.0
2935,dc,1,0.0
2936,dc,1,0.0
2937,dc,1,0.5900204210783568
2938,dc,1,0.0
2939,dc,1,1.322772662368121
294,dc,0,
2940,dc,1,0.5106256904333948
2941,dc,1,0.0
2942,dc,1,0.0
2943,dc,1,0.0
2944,dc,1,0.0
2945,dc,1,0.0
2946,dc,1,0.0
2947,dc,1,0.0
2948,dc,1,0.0
2949,dc,1,0.0
295,dc,0,
2950,dc,1,0.0
2951,dc,1,2.6229261995542625
2952,dc,1,3.0594644629840704
2953,dc,1,1.9646718890510064
2954,dc,1,0.0
2955,dc,1,0.0
2956,dc,1,0.0
2957,dc,1,0.0
2958,dc,1,0.0
2959,dc,1,2.2410572023093938
296,dc,0,
2960,dc,1,0.0
2961,dc,1,0.0
2962,dc,1,0.0
2963,dc,1,0.0
2964,dc,1,0.0
2965,dc,1,0.0
2966,dc,1,0.2922534456983951
2967,dc,1,0.0
2968,dc,1,0.0
2969,dc,1,0.0
297,dc,0,
2970,dc,1,0.0
2971,dc,1,0.0
2972,dc,1,0.0
2973,dc,1,0.0
2974,dc,1,1.4505827680727228
2975,dc,1,1.2748918001821308
2976,dc,1,1.334735026532643
2977,dc,1,3.1635724733762034
2978,dc,1,0.0
2979,dc,1,0.0
298,dc,0,
2980,dc,1,0.0
2981,dc,1,2.7814245946259955
2982,dc,1,0.0
2983,dc,1,0.0
2984,dc,1,0.0
2985,dc,1,0.0
2986,dc,1,0.0
2987,dc,1,0.0
2988,dc,1,0.0
2989,dc,1,0.0
299,dc,0,
2990,dc,1,0.0
2991,dc,1,0.0
2992,dc,1,0.0
2993,dc,1,0.0
2994,dc,1,0.0
2995,dc,1,0.0
2996,dc,1,0.0
2997,dc,1,0.0
2998,dc,1,0.0
2999,dc,1,1.362795452546074
3,dc,0,
30,dc,0,
300,dc,0,
3000,dc,1,0.0
3001,dc,1,0.0
3002,dc,1,0.0
3003,dc,1,0.0
3004,dc,1,0.0
3005,dc,1,0.0
3006,dc,1,0.0
3007,dc,1,0.0
3008,dc,1,23.901425935154986
3009,dc,1,0.0
301,dc,0,
3010,dc,1,13.10919725781288
3011,dc,1,2.104422345026301
3012,dc,1,0.0
3013,dc,1,23.64582592036772
3014,dc,1,0.0
3015,dc,1,0.0
3016,dc,1,0.0
3017,dc,1,0.0
3018,dc,1,0.0
3019,dc,1,0.0
302,dc,0,
3020,dc,1,0.11528722678549706
3021,dc,1,0.0
3022,dc,1,0.0
3023,dc,1,0.0
3024,dc,1,0.0
3025,dc,1,0.0
3026,dc,1,0.0
3027,dc,1,0.0
3028,dc,1,2.2723759078765493
3029,dc,1,0.0
303,dc,0,
3030,dc,1,0.0
3031,dc,1,2.7679984556559623
3032,dc,1,0.0
3033,dc,1,0.0
3034,dc,1,0.0
3035,dc,1,0.0
3036,dc,1,0.0
3037,dc,1,0.0
3038,dc,1,0.0
3039,dc,1,0.0
304,dc,0,
3040,dc,1,0.0
3041,dc,1,0.0
3042,dc,1,0.0
3043,dc,1,0.0
3044,dc,1,0.0
3045,dc,1,0.9890665309098191
3046,dc,1,3.1333192386193933
3047,dc,1,1.8246435126314124
3048,dc,1,1.4682196855052283
3049,dc,1,0.0
305,dc,0,
3050,dc,1,0.0
3051,dc,1,1.41853288299365
3052,dc,1,0.0
3053,dc,1,0.0
3054,dc,1,0.0
3055,dc,1,0.0
3056,dc,1,0.0
3057,dc,1,0.0
3058,dc,1,0.0
3059,dc,1,1.5255154826002457
306,dc,0,
3060,dc,1,0.0
3061,dc,1,0.0
3062,dc,1,0.0
3063,dc,1,0.0
3064,dc,1,0.0
3065,dc,1,0.0
3066,dc,1,0.0
3067,dc,1,0.0
3068,dc,1,0.0
3069,dc,1,0.0
307,dc,0,
3070,dc,1,0.0
3071,dc,1,0.0
3072,dc,1,0.9275523043525583
3073,dc,1,0.0
3074,dc,1,0.0
3075,dc,1,0.0
3076,dc,1,0.0
3077,dc,1,0.0
3078,dc,1,2.9859480759375234
3079,dc,1,0.0
308,dc,0,
3080,dc,1,0.0
3081,dc,1,0.0
3082,dc,1,0.0
3083,dc,1,0.0
3084,dc,1,0.0
3085,dc,1,3.3968872982130796
3087,dc,1,0.0
3088,dc,1,0.0
3089,dc,1,3.24704989981237
309,dc,0,
3090,dc,1,1.7366050409627036
3091,dc,1,0.0
3092,dc,1,3.4540455036326287
3093,dc,1,3.5909060935372574
3094,dc,1,12.336533343453368
3095,dc,1,0.0
3096,dc,1,3.136221069565165
3097,dc,1,0.0
3098,dc,1,0.0
3099,dc,1,0.0
31,dc,0,
310,dc,0,
3100,dc,1,0.0
3101,dc,1,0.0
3102,dc,1,0.0
3103,dc,1,0.0
3104,dc,1,1.826371828421957
3105,dc,1,0.0
3106,dc,1,0.0
3107,dc,1,0.0
3108,dc,1,0.0
3109,dc,1,0.0
311,dc,0,
3110,dc,1,2.158375363391655
3111,dc,1,0.0
3112,dc,1,0.0
3113,dc,1,0.0
3114,dc,1,0.0
3115,dc,1,0.0
3116,dc,1,0.0
3117,dc,1,2.3740473187729783
3118,dc,1,0.0
3119,dc,1,0.0
312,dc,0,
3120,dc,1,0.0
3121,dc,1,0.0
3122,dc,1,0.0
3123,dc,1,1.9838156292716316
3124,dc,1,0.0
3125,dc,1,1.7980521764618898
3126,dc,1,0.0
3127,dc,1,0.0
3128,dc,1,2.032437325090797
3129,dc,1,0.0
313,dc,0,
3130,dc,1,1.2940739932928145
3131,dc,1,1.2803417058473203
3132,dc,1,0.0
3133,dc,1,2.293674463788185
3134,dc,1,22.878449829614034
3135,dc,1,0.0
3136,dc,1,0.0
3137,dc,1,0.0
3138,dc,1,0.0
3139,dc,1,0.0
314,dc,0,
3140,dc,1,3.284600304099692
3141,dc,1,1.2117727087176116
3142,dc,1,0.0
3143,dc,1,0.0
3144,dc,1,0.0
3145,dc,1,0.0
3146,dc,1,0.0
3147,dc,1,2.060958021452961
3148,dc,1,9.178978847378858
3149,dc,1,5.407323427891457
315,dc,0,
3150,dc,1,0.0
3151,dc,1,0.0
3152,dc,1,0.0
3153,dc,1,0.0
3154,dc,1,0.0
3155,dc,1,0.0
3156,dc,1,10.750387328984065
3157,dc,1,5.395697476665792
3158,dc,1,0.7787275691954387
3159,dc,1,0.0
316,dc,0,
3160,dc,1,2.1408952569910613
3161,dc,1,1.000596114249542
3162,dc,1,1.6607867666394804
3163,dc,1,3.871575093014899
3164,dc,1,3.1845418690180494
3165,dc,1,0.7165085441407506
3166,dc,1,4.532468068353687
3167,dc,1,0.0
3168,dc,1,0.0
3169,dc,1,1.2924707225601868
317,dc,0,
3170,dc,1,0.0
3171,dc,1,0.0
3172,dc,1,0.0
3173,dc,1,8.571365140802685
3174,dc,1,2.027141377224995
3175,dc,1,2.6116715513257396
3176,dc,1,0.0
3177,dc,1,2.2233705691255667
3178,dc,1,0.0
3179,dc,1,0.0
318,dc,0,
3180,dc,1,2.45420763545881
3181,dc,1,0.0
3182,dc,1,0.0
3183,dc,1,2.485665820107686
3184,dc,1,1.1442271850703152
3185,dc,1,1.7873791338507588
3186,dc,1,0.0
3187,dc,1,0.0
3188,dc,1,0.0
3189,dc,1,2.1089603494080684
319,dc,0,
3190,dc,1,0.0
3191,dc,1,0.0
3192,dc,1,6.379177033159737
3193,dc,1,11.037076228779341
3194,dc,1,0.0
3195,dc,1,2.2452386081787283
3196,dc,1,0.0
3197,dc,1,0.0
3198,dc,1,0.0
3199,dc,1,0.0
32,dc,0,
320,dc,0,
3200,dc,1,0.0
3201,dc,1,0.0
3202,dc,1,0.0
3203,dc,1,3.743787615138553
3204,dc,1,1.0165547721052992
3205,dc,0,
3206,dc,1,4.722407791810137
3207,dc,1,6.149192217397328
3208,dc,1,5.89347709886752
3209,dc,1,0.0
321,dc,0,
3210,dc,1,4.946223887252702
3211,dc,0,
3212,dc,1,4.2715206873128135
3213,dc,1,6.048689762289799
3214,dc,1,1.8052587301568717
3215,dc,1,8.873862657715117
3216,dc,1,0.0
3217,dc,1,4.1050597535110365
3218,dc,1,5.1148184210759995
3219,dc,1,5.250437604773693
322,dc,0,
3220,dc,1,5.931937836707661
3221,dc,1,5.636454543179544
3222,dc,1,5.458115811521644
3223,dc,1,0.0
3224,dc,0,
3225,dc,1,0.0
3226,dc,1,4.627654494079255
3227,dc,1,5.46589175009685
3228,dc,1,0.0
3229,dc,1,8.671789754735183
323,dc,0,
3230,dc,1,2.01840804047737
3231,dc,1,2.579352418728979
3232,dc,1,0.0
3233,dc,1,6.000295330554153
3234,dc,1,0.0
3235,dc,1,0.0
3236,dc,1,7.898827349469664
3237,dc,1,7.983890423937853
3238,dc,1,0.0
3239,dc,1,3.3180500159706177
324,dc,0,
3240,dc,1,5.7630448509054695
3241,dc,1,5.025145050084931
3242,dc,1,7.078150126772137
3243,dc,1,0.0
3244,dc,1,6.638020915802349
3245,dc,1,0.0
3246,dc,1,0.0
3247,dc,1,5.08146872002123
3248,dc,1,0.0
3249,dc,1,0.0
325,dc,0,
3250,dc,1,2.866914526805965
3251,dc,1,5.841011824362558
3252,dc,1,0.0
3253,dc,1,17.914898838237015
3254,dc,1,0.0
3255,dc,1,0.0
3256,dc,1,0.0
3257,dc,1,0.0
3258,dc,1,5.75111818708087
3259,dc,1,7.078910168947834
326,dc,0,
3260,dc,1,0.0
3261,dc,1,0.0
3262,dc,1,0.0
3263,dc,1,0.0
3264,dc,1,0.0
3265,dc,1,7.909127492154519
3266,dc,1,0.0
3267,dc,1,5.893682446283809
3268,dc,1,2.6214477502106175
3269,dc,1,0.0
327,dc,0,
3270,dc,1,6.09172308059006
3271,dc,1,0.0
3272,dc,1,0.6053342233649112
3273,dc,1,0.1740401095918255
3274,dc,1,4.438997993093869
3275,dc,1,3.92148020038966
3276,dc,1,0.0
3277,dc,1,0.0
3278,dc,1,5.383428605336031
3279,dc,1,0.0
328,dc,0,
3280,dc,1,0.0
3281,dc,1,7.539850357092859
3282,dc,1,5.5837443189025455
3283,dc,1,4.431821698459723
3284,dc,1,6.7747805087605855
3285,dc,1,5.770004940370044
3286,dc,1,5.754508100842477
3287,dc,1,5.612291908501809
3288,dc,1,0.0
3289,dc,1,6.488022475937983
329,dc,0,
3290,dc,1,5.341406006406182
3291,dc,1,5.475627847865331
3292,dc,1,0.0
3293,dc,1,4.598612581835867
3294,dc,1,6.7914442764416085
3295,dc,1,4.756832783678791
3296,dc,1,0.0
3297,dc,1,0.0
3298,dc,1,0.0
3299,dc,1,3.8633370643442064
33,dc,0,
330,dc,0,
3300,dc,1,0.0
3301,dc,1,0.0
3302,dc,1,9.079617748745072
3303,dc,1,7.426466488075717
3304,dc,1,4.915360261989701
3305,dc,1,0.0
3306,dc,1,5.9961993772687885
3307,dc,1,0.0
3308,dc,1,0.0
3309,dc,1,3.1465949566566414
331,dc,0,
3310,dc,1,0.0
3311,dc,1,0.0
3312,dc,1,0.0
3313,dc,1,9.004233206819396
3314,dc,1,5.288300379255381
3315,dc,1,0.0
3316,dc,1,4.415369538789863
3317,dc,1,5.407261133211484
3318,dc,1,0.0
3319,dc,1,3.8817266712460152
332,dc,0,
3320,dc,1,5.436797808062721
3321,dc,1,4.839942332467086
3322,dc,1,2.069837941789046
3323,dc,1,5.684111684809214
3324,dc,1,0.0
3325,dc,1,0.0
3326,dc,1,0.0
3327,dc,1,0.0
3328,dc,1,0.0
3329,dc,1,0.0
333,dc,0,
3330,dc,1,4.8136152864427535
3331,dc,1,0.0
3332,dc,1,4.051431694276388
3333,dc,1,0.0
3334,dc,1,0.0
3335,dc,1,0.0
3336,dc,1,0.0
3337,dc,1,1.022838201200899
3338,dc,1,0.0
3339,dc,1,0.0
334,dc,0,
3340,dc,1,0.0
3341,dc,1,13.565646047107693
3342,dc,1,0.0
3343,dc,1,23.927989557741455
3344,dc,1,0.0
3345,dc,1,3.3180478998230116
3346,dc,1,6.249362595910045
3347,dc,1,0.0
3348,dc,1,4.406626652914864
3349,dc,1,4.372539017447025
335,dc,0,
3350,dc,1,1.3064432358031877
3351,dc,1,5.311358717676372
3352,dc,1,5.187772388742118
3353,dc,1,0.0
3354,dc,1,1.873449421531931
3355,dc,1,8.274844400967796
3356,dc,1,5.670223688345742
3357,dc,1,6.158137428095481
3358,dc,1,5.108759976843502
3359,dc,1,5.77096494286841
336,dc,0,
3360,dc,1,20.179859712765925
3361,dc,1,6.599450493278116
3362,dc,1,7.278614101497662
3363,dc,1,5.923945325193415
3364,dc,1,0.0
3365,dc,1,0.0
3366,dc,1,12.825086209681508
3367,dc,1,5.809051233723641
3368,dc,1,0.0
3369,dc,1,4.309708923163983
337,dc,0,
3370,dc,1,4.373073654313628
3371,dc,1,0.0
3372,dc,1,0.0
3373,dc,1,0.0
3374,dc,1,3.7523069283670876
3375,dc,1,0.0
3376,dc,1,5.763661295761199
3377,dc,1,3.902764738911868
3378,dc,1,0.0
3379,dc,1,6.2617963548261555
338,dc,0,
3380,dc,1,6.1280770317503706
3381,dc,1,0.0
3382,dc,0,
3383,dc,1,0.0
3384,dc,1,0.0
3385,dc,1,5.305981459153886
3386,dc,1,0.0
3387,dc,1,5.991379280502612
3388,dc,1,1.112293940350234
3389,dc,1,0.0
339,dc,0,
3390,dc,1,0.0
3391,dc,1,5.528850423454329
3392,dc,1,5.946983489709931
3393,dc,1,5.98302927631654
3394,dc,1,0.0
3395,dc,1,0.2576496682964786
3396,dc,1,0.0
3397,dc,1,0.0
3398,dc,1,0.0
3399,dc,1,0.0
34,dc,0,
340,dc,0,
3400,dc,1,6.456303561358811
3401,dc,1,0.0
3402,dc,1,0.0
3403,dc,1,0.0
3404,dc,1,18.616129985828593
3405,dc,1,5.61567872619742
3406,dc,1,5.952894374359492
3407,dc,1,8.042486242051316
3408,dc,1,0.0
3409,dc,1,0.0
341,dc,0,
3410,dc,1,6.124542121541192
3411,dc,1,1.7545357329111244
3412,dc,1,5.85242705403201
3413,dc,1,0.0
3414,dc,0,
3415,dc,0,
3416,dc,0,
3417,dc,0,
3418,dc,0,
3419,dc,0,
342,dc,0,
3420,dc,0,
3421,dc,0,
3422,dc,0,
3423,dc,0,
3424,dc,0,
3425,dc,0,
3426,dc,0,
3427,dc,0,
3428,dc,0,
3429,dc,0,
343,dc,0,
3430,dc,0,
3431,dc,0,
3432,dc,0,
3433,dc,0,
3434,dc,0,
3435,dc,0,
3436,dc,0,
3437,dc,0,
3438,dc,0,
3439,dc,0,
344,dc,0,
3440,dc,0,
3441,dc,0,
3442,dc,0,
3443,dc,0,
3444,dc,0,
3445,dc,0,
3446,dc,0,
3447,dc,0,
3448,dc,0,
3449,dc,0,
345,dc,0,
3450,dc,0,
3451,dc,0,
3452,dc,0,
3453,dc,0,
3454,dc,0,
3455,dc,0,
3456,dc,0,
3457,dc,0,
3458,dc,0,
3459,dc,0,
346,dc,0,
3460,dc,0,
3461,dc,0,
3462,dc,0,
3463,dc,0,
3464,dc,0,
3465,dc,0,
3466,dc,0,
3467,dc,0,
3468,dc,0,
3469,dc,0,
347,dc,0,
3470,dc,0,
3471,dc,0,
3472,dc,0,
3473,dc,0,
3474,dc,0,
3475,dc,0,
3476,dc,0,
3477,dc,0,
3478,dc,0,
3479,dc,0,
348,dc,0,
3480,dc,0,
3481,dc,0,
3482,dc,0,
3483,dc,0,
3484,dc,0,
3485,dc,0,
3486,dc,0,
3487,dc,0,
3488,dc,0,
3489,dc,0,
349,dc,0,
3490,dc,0,
3491,dc,0,
3492,dc,0,
3493,dc,0,
3494,dc,0,
3495,dc,0,
3496,dc,0,
3497,dc,0,
3498,dc,0,
3499,dc,0,
35,dc,0,
350,dc,0,
3500,dc,0,
3501,dc,0,
3502,dc,0,
3503,dc,0,
3504,dc,0,
3505,dc,0,
3506,dc,0,
3507,dc,0,
3508,dc,0,
3509,dc,0,
351,dc,0,
3510,dc,0,
3511,dc,0,
3512,dc,0,
3513,dc,0,
3514,dc,0,
3515,dc,0,
3516,dc,0,
3517,dc,0,
3518,dc,0,
3519,dc,0,
352,dc,0,
3520,dc,0,
3521,dc,0,
3522,dc,0,
3523,dc,0,
3524,dc,0,
3525,dc,0,
3526,dc,0,
3527,dc,0,
3528,dc,0,
3529,dc,0,
353,dc,0,
3530,dc,0,
3531,dc,0,
3532,dc,0,
3533,dc,0,
3534,dc,0,
3535,dc,0,
3536,dc,0,
3537,dc,0,
3538,dc,0,
3539,dc,0,
354,dc,0,
3540,dc,0,
3541,dc,0,
3542,dc,0,
3543,dc,0,
3544,dc,0,
3545,dc,0,
3546,dc,0,
3547,dc,0,
3548,dc,0,
3549,dc,0,
355,dc,0,
3550,dc,0,
3551,dc,0,
3552,dc,0,
3553,dc,0,
3554,dc,0,
3555,dc,0,
3556,dc,0,
3557,dc,0,
3558,dc,0,
3559,dc,0,
356,dc,0,
3560,dc,0,
3561,dc,0,
3562,dc,0,
3563,dc,1,4.481155133814399
3564,dc,1,0.0
3565,dc,1,0.0
3566,dc,1,0.0
3567,dc,1,0.0
3568,dc,1,0.0
3569,dc,1,17.312603160154016
357,dc,0,
3570,dc,1,1.6613656819374862
3571,dc,1,0.0
3572,dc,1,0.0
3573,dc,1,0.0
3574,dc,1,0.0
3575,dc,1,0.19017223377651674
3576,dc,1,1.838538418592118
3577,dc,1,0.0
3578,dc,1,0.0
3579,dc,0,
358,dc,0,
3580,dc,1,0.0
3581,dc,1,6.44555830391339
3582,dc,1,3.863913124912471
3583,dc,1,3.255593091696717
3584,dc,1,7.8914104163185455
3585,dc,1,3.8424264774486385
3586,dc,1,0.0
3587,dc,1,0.7379243328965666
3588,dc,1,5.947586683402229
3589,dc,1,0.0
359,dc,0,
3590,dc,1,0.0
3591,dc,1,0.0
3592,dc,1,0.7002521532161737
3593,dc,1,0.0
3594,dc,1,0.0
3595,dc,1,0.0
3596,dc,1,1.3629303309855714
3597,dc,1,0.0
3598,dc,1,0.0
3599,dc,1,0.0
36,dc,0,
360,dc,0,
3600,dc,1,0.0
3601,dc,1,2.266004170667624
3602,dc,1,0.0
3603,dc,1,1.2280986880938451
3604,dc,1,0.0
3605,dc,1,4.662426453841536
3606,dc,1,0.0
3607,dc,1,7.465941004011609
3608,dc,1,0.0
3609,dc,1,2.5093392789332873
361,dc,0,
3610,dc,1,0.0
3611,dc,1,0.0
3612,dc,1,0.0
3613,dc,1,0.0
3614,dc,1,0.0
3615,dc,1,5.7933912598444675
3616,dc,1,0.0
3617,dc,1,1.6664467090850346
3618,dc,1,0.0
3619,dc,1,0.0
362,dc,0,
3620,dc,1,0.0
3621,dc,1,0.0
3622,dc,1,0.0
3623,dc,1,0.0
3624,dc,1,0.0
3625,dc,1,0.0
3626,dc,1,0.0
3627,dc,1,0.0
3628,dc,1,0.0
3629,dc,1,0.0
363,dc,0,
3630,dc,1,0.0
3631,dc,1,0.0
3632,dc,1,0.0
3633,dc,1,0.0
3634,dc,1,0.0
3635,dc,1,0.0
3636,dc,1,0.0
3637,dc,1,1.5017742756000374
3638,dc,1,0.0
3639,dc,1,0.0
364,dc,0,
3640,dc,1,0.0
3641,dc,1,0.0
3642,dc,1,0.0
3643,dc,1,0.0
3644,dc,1,0.0
3645,dc,1,0.0
3646,dc,1,0.0
3647,dc,1,0.0
3648,dc,1,0.0
3649,dc,1,0.0
365,dc,0,
3650,dc,1,0.0
3651,dc,1,0.0
3652,dc,1,0.0
3653,dc,1,0.0
3654,dc,1,0.0
3655,dc,1,0.0
3656,dc,1,0.0
3657,dc,1,2.7635633225949037
3658,dc,1,0.0
3659,dc,1,0.0
366,dc,0,
3660,dc,1,0.0
3661,dc,1,0.0
3662,dc,1,0.0
3663,dc,1,0.0
3664,dc,1,2.0160196224959455
3665,dc,1,0.0
3666,dc,1,0.0
3667,dc,1,0.0
3668,dc,1,0.0
3669,dc,1,0.0
367,dc,0,
3670,dc,1,0.0
3671,dc,1,0.0
3672,dc,1,0.0
3673,dc,1,2.2559676645594404
3674,dc,1,0.0
3675,dc,1,5.868499379432856
3676,dc,1,2.1954353495856807
3677,dc,1,0.0
3678,dc,1,0.0
3679,dc,1,0.0
368,dc,0,
3680,dc,1,0.0
3681,dc,1,0.0
3682,dc,1,0.0
3683,dc,1,5.365187353229027
3684,dc,1,5.421997674226243
3685,dc,1,0.0
3686,dc,1,0.0
3687,dc,1,0.0
3688,dc,1,0.0
3689,dc,1,0.0
369,dc,0,
3690,dc,1,0.0
3691,dc,1,6.309188685595598
3692,dc,1,0.0
3693,dc,1,0.0
3694,dc,1,0.0
3695,dc,1,0.0
3696,dc,1,0.0
3697,dc,1,0.0
3698,dc,1,7.49675034231251
3699,dc,1,0.0
37,dc,0,
370,dc,0,
3700,dc,1,0.0
3701,dc,1,0.0
3702,dc,1,7.191434933680681
3703,dc,1,3.138069466130828
3704,dc,1,0.0
3705,dc,1,0.0
3706,dc,1,0.0
3707,dc,1,0.0
3708,dc,1,0.0
3709,dc,1,0.0
371,dc,0,
3710,dc,1,0.0
3711,dc,1,0.0
3712,dc,1,0.0
3713,dc,1,4.2492140193582
3714,dc,1,0.0
3715,dc,1,0.0
3716,dc,1,0.0
3717,dc,1,0.0
3718,dc,1,1.3788881945295468
3719,dc,1,0.0
372,dc,0,
3720,dc,1,0.0
3721,dc,1,3.7003324800813213
3722,dc,1,0.0
3723,dc,1,0.0
3724,dc,1,0.0
3725,dc,1,3.1864818794283267
3726,dc,1,7.013545213738418
3727,dc,1,0.0
3728,dc,1,0.0
3729,dc,1,0.0
373,dc,0,
3730,dc,1,0.0
3731,dc,1,0.0
3732,dc,1,0.0
3733,dc,1,0.0
3734,dc,1,0.0
3735,dc,1,2.2032768182604383
3736,dc,1,0.0
3737,dc,1,0.0
3738,dc,1,0.0
3739,dc,1,0.0
374,dc,0,
3740,dc,1,0.0
3741,dc,1,0.0
3742,dc,1,0.0
3743,dc,1,11.50007841551361
3744,dc,1,0.0
3745,dc,1,0.0
3746,dc,1,0.0
3747,dc,1,0.0
3748,dc,1,0.0
3749,dc,1,2.2691074364921366
375,dc,0,
3750,dc,1,0.0
3751,dc,1,0.0
3752,dc,1,0.0
3753,dc,1,0.0
3754,dc,1,6.020001814124595
3755,dc,1,0.0
3756,dc,1,0.0
3757,dc,1,0.0
3758,dc,1,0.0
3759,dc,1,0.0
376,dc,1,0.0
3760,dc,1,0.0
3761,dc,1,0.0
3762,dc,1,0.0
3763,dc,1,0.0
3764,dc,1,0.0
3765,dc,1,0.0
3766,dc,1,0.0
3767,dc,1,0.0
3768,dc,1,0.0
3769,dc,1,0.0
377,dc,1,6.944426536637551
3770,dc,1,0.0
3771,dc,1,0.0
3772,dc,1,0.0
3773,dc,1,0.0
3774,dc,1,0.0
3775,dc,1,0.0
3776,dc,1,0.0
3777,dc,1,0.0
3778,dc,1,0.0
3779,dc,1,0.0
378,dc,1,5.851718789338988
3780,dc,1,1.2620928728576963
3781,dc,1,0.0
3782,dc,1,15.304131329713902
3783,dc,1,0.0
3784,dc,1,5.6571960127765575
3785,dc,1,0.0
3786,dc,1,0.0
3787,dc,1,0.0
3788,dc,1,0.0
3789,dc,1,0.0
379,dc,1,0.0
3790,dc,1,1.6915358520519133
3791,dc,1,6.781526387518648
3792,dc,1,3.709296359108567
3793,dc,1,3.3746565447179075
3794,dc,1,0.0
3795,dc,1,0.9568215506573559
3796,dc,1,6.034066940657445
3797,dc,1,0.0
3798,dc,1,8.31722030661118
3799,dc,1,5.0901999763660575
38,dc,0,
380,dc,0,
3800,dc,1,2.8542574119722843
3801,dc,1,6.776501737399799
3802,dc,1,4.2305282026177915
3803,dc,1,0.0
3804,dc,1,0.0
3805,dc,1,0.0
3806,dc,1,1.2157483380001635
3807,dc,1,0.0
3808,dc,1,0.0
3809,dc,1,0.0
381,dc,1,2.1374656355963717
3810,dc,1,0.0
3811,dc,1,0.0
3812,dc,1,0.0
3813,dc,1,0.0
3814,dc,1,0.0
3815,dc,1,0.0
3816,dc,1,0.0
3817,dc,1,2.87912703294514
3818,dc,1,0.0
3819,dc,1,0.0
382,dc,1,0.9729265637520528
3820,dc,1,0.0
3821,dc,1,0.0
3822,dc,1,0.0
3823,dc,1,1.843538556832534
3824,dc,1,0.0
3825,dc,1,0.0
3826,dc,1,1.3934764057150906
3827,dc,1,0.0
3828,dc,1,0.0
3829,dc,1,0.0
383,dc,1,0.0
3830,dc,1,2.007706084102779
3831,dc,1,0.0
3832,dc,1,0.0
3833,dc,1,0.0
3834,dc,1,0.0
3835,dc,1,3.3500138071097294
3836,dc,1,0.0
3837,dc,1,3.9220324161153792
3838,dc,1,3.2586477898609263
3839,dc,1,0.0
384,dc,1,12.555447278863763
3840,dc,1,0.0
3841,dc,1,0.0
3842,dc,1,0.0
3843,dc,1,0.0
3844,dc,1,0.0
3845,dc,1,0.0
3846,dc,1,1.7881727771890572
3847,dc,1,0.0
3848,dc,1,8.133766961460145
3849,dc,1,6.189781420303815
385,dc,1,0.0
3850,dc,1,0.0
3851,dc,1,0.0
3852,dc,1,0.0
3853,dc,1,0.0
3854,dc,1,0.0
3855,dc,1,0.0
3856,dc,1,0.0
3857,dc,1,2.1175831323283805
3858,dc,1,0.0
3859,dc,1,2.0259900225345002
386,dc,0,
3860,dc,1,0.0
3861,dc,1,0.0
3862,dc,1,0.0
3863,dc,1,0.0
3864,dc,1,0.0
3865,dc,1,1.5803805025999103
3866,dc,1,0.0
3867,dc,1,3.0215735525314873
3868,dc,1,1.9563690361724335
3869,dc,1,0.0
387,dc,0,
3870,dc,1,0.0
3871,dc,1,3.167899270640146
3872,dc,1,1.4017984927969673
3873,dc,1,1.6253098935939252
3874,dc,1,0.0
3875,dc,1,0.0
3876,dc,1,0.0
3877,dc,1,0.0
3878,dc,1,0.0
3879,dc,1,0.0
388,dc,1,0.0
3880,dc,1,1.332709494635402
3881,dc,1,1.461566958730573
3882,dc,1,2.302039625276937
3883,dc,1,0.0
3884,dc,1,2.190997013635442
3885,dc,1,1.2296858309713339
3886,dc,1,2.088643182385637
3887,dc,1,0.0
3888,dc,1,2.472005624892486
3889,dc,1,0.0
389,dc,1,0.0
3890,dc,1,0.0
3891,dc,1,0.0
3892,dc,1,1.3455314241330718
3893,dc,1,0.0
3894,dc,1,0.0
3895,dc,1,0.0
3896,dc,1,0.0
3897,dc,1,0.0
3898,dc,1,0.08732696272092842
3899,dc,1,8.436659352078463
39,dc,0,
390,dc,1,1.3510308992811
3900,dc,1,0.0
3901,dc,1,7.30761774348592
3902,dc,1,3.057601531224754
3903,dc,1,5.125591192809718
3904,dc,1,5.2056555370162485
3905,dc,1,6.871979131858815
3906,dc,1,7.482482249420147
3907,dc,1,0.0
3908,dc,1,0.0
3909,dc,1,2.777816649638296
391,dc,0,
3910,dc,1,0.0
3911,dc,1,7.066864257591004
3912,dc,1,0.0
3913,dc,1,0.0
3914,dc,1,0.0
3915,dc,1,0.0
3916,dc,1,0.6570161612345561
3917,dc,1,5.55626017250126
3918,dc,1,4.501012292577987
3919,dc,1,0.0
392,dc,1,18.355443001906856
3920,dc,1,0.0
3921,dc,1,0.0
3922,dc,1,0.0
3923,dc,0,
3924,dc,1,7.090826306743954
3925,dc,1,6.831200918948501
3926,dc,1,4.382684364900239
3927,dc,1,0.0
3928,dc,1,4.455210500931489
3929,dc,1,0.0
393,dc,0,
3930,dc,1,0.0
3931,dc,1,4.236479793740106
3932,dc,1,6.33678108548445
3933,dc,1,1.1188004877595796
3934,dc,1,1.127295200790656
3935,dc,1,5.720943323354419
3936,dc,1,0.0
3937,dc,1,5.1579529238703
3938,dc,1,7.267200305594682
3939,dc,1,7.766463095606063
394,dc,1,0.0
3940,dc,1,6.320845604704774
3941,dc,1,0.0
3942,dc,1,4.90489006784654
3943,dc,1,0.0
3944,dc,1,0.0
3945,dc,1,5.9732178789669685
3946,dc,1,0.0
3947,dc,1,5.166294574416544
3948,dc,1,4.075439118888175
3949,dc,1,6.900897898470434
395,dc,1,0.0
3950,dc,1,2.207281262995709
3951,dc,1,0.0
3952,dc,1,0.0
3953,dc,1,5.947552333294428
3954,dc,1,4.8079937384511675
3955,dc,1,0.0
3956,dc,1,0.0
3957,dc,1,6.330007383082069
3958,dc,1,0.0
3959,dc,1,6.611602384866708
396,dc,0,
3960,dc,1,5.088271769244649
3961,dc,1,6.384916772695236
3962,dc,1,0.0
3963,dc,1,5.464336659053613
3964,dc,1,5.198206725093627
3965,dc,1,5.987961870006432
3966,dc,1,0.0
3967,dc,1,7.513125311779142
3968,dc,1,0.0
3969,dc,1,6.712293577644525
397,dc,1,0.0
3970,dc,1,5.335766421195897
3971,dc,1,0.0
3972,dc,1,7.21076763640188
3973,dc,1,7.4904436317934495
3974,dc,1,0.0
3975,dc,1,6.361552412946853
3976,dc,1,0.0
3977,dc,1,0.0
3978,dc,1,6.429286954871045
3979,dc,1,0.0
398,dc,0,
3980,dc,1,0.0
3981,dc,1,0.0
3982,dc,1,6.347331212399158
3983,dc,1,0.0
3984,dc,1,0.0
3985,dc,1,0.0
3986,dc,1,0.0
3987,dc,1,0.0
3988,dc,1,6.764157659720629
3989,dc,1,6.544851966072432
399,dc,1,2.5928896868672027
3990,dc,1,5.658738529120226
3991,dc,1,0.0
3992,dc,1,6.617718337852406
3993,dc,1,6.02529803648834
3994,dc,1,4.18369517918444
3995,dc,1,0.0
3996,dc,1,5.839555116352813
3997,dc,1,0.0
3998,dc,1,7.965381934862254
3999,dc,1,6.705968609877731
4,dc,0,
40,dc,0,
400,dc,1,0.0
4000,dc,1,0.0
4001,dc,1,0.0
4002,dc,1,0.0
4003,dc,1,2.0357527632400374
4004,dc,1,0.0
4005,dc,1,4.660662398559106
4006,dc,1,6.866218060001305
4007,dc,1,0.0
4008,dc,1,0.0
4009,dc,1,0.0
401,dc,0,
4010,dc,1,4.0924354254796445
4011,dc,1,2.669042207492969
4012,dc,1,0.0
4013,dc,1,0.0
4014,dc,1,4.5831597887535285
4015,dc,1,5.059822034038156
4016,dc,1,1.9490925312374365
4017,dc,1,5.128017202775088
4018,dc,1,0.0
4019,dc,1,0.0
402,dc,0,
4020,dc,1,0.0
4021,dc,1,0.0
4022,dc,1,1.5915174154910257
4023,dc,1,1.5342458751762427
4024,dc,1,5.410734487552093
4025,dc,1,4.871587800240541
4026,dc,1,0.0
4027,dc,1,0.0
4028,dc,1,6.072633845147008
4029,dc,1,5.384109366677656
403,dc,1,0.0
4030,dc,1,3.9519357652969367
4031,dc,1,0.0
4032,dc,1,0.0
4033,dc,1,0.0
4034,dc,1,4.929173732219139
4035,dc,1,0.0
4036,dc,1,0.0
4037,dc,1,4.866232457745795
4038,dc,1,0.0
4039,dc,1,2.396875245055579
404,dc,1,0.0
4040,dc,1,0.0
4041,dc,1,5.318910112081899
4042,dc,1,7.632534411495971
4043,dc,1,0.0
4044,dc,1,4.520358943804486
4045,dc,1,2.023841749345496
4046,dc,1,4.8010284140336195
4047,dc,1,7.11852500927552
4048,dc,1,5.123040353187156
4049,dc,1,5.487305447022048
405,dc,1,0.0
4050,dc,1,5.716842018433242
4051,dc,1,5.199437515144719
4052,dc,1,7.269449881754328
4053,dc,1,5.003976628957763
4054,dc,1,0.0
4055,dc,1,0.0
4056,dc,1,6.232487065194608
4057,dc,1,6.034726885043773
4058,dc,1,5.195344613871685
4059,dc,1,2.2419517687740806
406,dc,0,
4060,dc,1,1.3445696137066365
4061,dc,1,5.631468038301897
4062,dc,1,8.547052903198647
4063,dc,1,0.0
4064,dc,1,6.0404199057449555
4065,dc,1,6.290845665040335
4066,dc,1,0.0
4067,dc,1,0.0
4068,dc,1,0.0
4069,dc,1,0.0
407,dc,1,0.0
4070,dc,1,0.0
4071,dc,1,0.0
4072,dc,1,0.0
4073,dc,1,0.0
4074,dc,1,0.0
4075,dc,1,2.310253976553517
4076,dc,1,0.0
4077,dc,1,0.0
4078,dc,0,
4079,dc,0,
408,dc,1,0.0
4080,dc,0,
4081,dc,0,
4082,dc,0,
4083,dc,0,
4084,dc,0,
4085,dc,0,
4086,dc,0,
4087,dc,0,
4088,dc,0,
4089,dc,0,
409,dc,1,0.0
4090,dc,0,
4091,dc,0,
4092,dc,0,
4093,dc,0,
4094,dc,0,
4095,dc,0,
4096,dc,0,
4097,dc,0,
4098,dc,0,
4099,dc,0,
41,dc,0,
410,dc,1,0.0
4100,dc,0,
4101,dc,0,
4102,dc,0,
4103,dc,0,
4104,dc,0,
4105,dc,0,
4106,dc,0,
4107,dc,0,
4108,dc,0,
4109,dc,0,
411,dc,1,0.0
4110,dc,0,
4111,dc,0,
4112,dc,0,
4113,dc,0,
4114,dc,0,
4115,dc,0,
4116,dc,0,
4117,dc,0,
4118,dc,0,
4119,dc,0,
412,dc,1,0.0
4120,dc,0,
4121,dc,0,
4122,dc,0,
4123,dc,0,
4124,dc,0,
4125,dc,0,
4126,dc,0,
4127,dc,0,
4128,dc,0,
4129,dc,0,
413,dc,1,0.0
4130,dc,0,
4131,dc,0,
4132,dc,0,
4133,dc,0,
4134,dc,0,
4135,dc,0,
4136,dc,0,
4137,dc,0,
4138,dc,0,
4139,dc,0,
414,dc,1,1.9416792763918387
4140,dc,0,
4141,dc,0,
4142,dc,0,
4143,dc,0,
4144,dc,0,
4145,dc,0,
4146,dc,0,
4147,dc,0,
4148,dc,0,
4149,dc,0,
415,dc,1,0.0
4150,dc,0,
4151,dc,0,
4152,dc,0,
4153,dc,0,
4154,dc,0,
4155,dc,0,
4156,dc,0,
4157,dc,0,
4158,dc,0,
4159,dc,0,
416,dc,1,0.0
4160,dc,0,
4161,dc,0,
4162,dc,0,
4163,dc,0,
4164,dc,0,
4165,dc,1,0.0
4166,dc,1,0.0
4167,dc,1,0.0
4168,dc,1,0.0
4169,dc,1,0.0
417,dc,1,0.0
4170,dc,1,14.319438543877054
4171,dc,1,5.271500899651298
4172,dc,1,1.5698107243948414
4173,dc,1,0.0
4174,dc,1,0.0
4175,dc,1,0.0
4176,dc,1,7.118019624820191
4177,dc,1,6.065467832723174
4178,dc,1,0.0
4179,dc,1,0.0
418,dc,1,1.9524380683516778
4180,dc,1,0.0
4181,dc,1,0.0
4182,dc,1,4.844013915228877
4183,dc,1,0.0
4184,dc,1,0.0
4185,dc,1,0.0
4186,dc,1,6.523607727572576
4187,dc,1,6.9207859644742555
4188,dc,1,0.0
4189,dc,1,1.520475587492089
419,dc,1,3.155579363788246
4190,dc,1,0.0
4191,dc,1,0.0
4192,dc,1,0.0
4193,dc,1,7.217865023240057
4194,dc,1,2.6724224003057118
4195,dc,1,4.444566537389915
4196,dc,1,7.942729528353565
4197,dc,1,0.0
4198,dc,1,4.210955038166517
4199,dc,1,12.040363366776477
42,dc,0,
420,dc,1,0.0
4200,dc,1,0.0
4201,dc,1,0.0
4202,dc,1,4.60299035546399
4203,dc,1,0.0
4204,dc,1,0.0
4205,dc,1,0.0
4206,dc,1,0.0
4207,dc,1,3.065471992256449
4208,dc,1,0.0
4209,dc,1,0.0
421,dc,1,0.0
4210,dc,1,3.4191063825032284
4211,dc,1,8.638798121710222
4212,dc,1,0.0
4213,dc,1,2.091279723873134
4214,dc,1,0.0
4215,dc,1,0.0
4216,dc,1,9.249630602798392
4217,dc,1,0.0
4218,dc,1,0.0
4219,dc,1,0.0
422,dc,1,0.0
4220,dc,1,0.0
4221,dc,1,0.0
4222,dc,1,0.0
4223,dc,1,4.761704674872454
4224,dc,1,5.1788171471979405
4225,dc,1,6.855996631133463
4226,dc,1,0.0
4227,dc,1,0.0
4228,dc,1,5.551750432682984
4229,dc,1,1.9127900255281394
423,dc,1,1.2047585704929342
4230,dc,1,4.002622206780007
4231,dc,1,0.0
4232,dc,1,0.0
4233,dc,1,0.0
4234,dc,1,4.680411205066208
4235,dc,1,6.154826924400634
4236,dc,1,4.5443728138480015
4237,dc,1,6.44699340909295
4238,dc,1,0.0
4239,dc,1,0.0
424,dc,1,0.0
4240,dc,1,5.0805799914269185
4241,dc,1,5.657248164261967
4242,dc,1,5.919190709465822
4243,dc,1,0.0
4244,dc,1,1.7844548725406153
4245,dc,1,0.0
4246,dc,1,4.420047811407394
4247,dc,1,4.588611523337935
4248,dc,1,0.0
4249,dc,1,0.6027451964117554
425,dc,1,0.0
4250,dc,1,6.552694471734393
4251,dc,1,3.9136811548083816
4252,dc,1,6.398368024531251
4253,dc,1,5.2503698080158925
4254,dc,1,0.0
4255,dc,1,0.0
4256,dc,1,4.10656172270207
4257,dc,1,5.298520567941156
4258,dc,1,3.7164735692818
4259,dc,1,0.0
426,dc,1,1.6416951870809489
4260,dc,1,1.389216581530086
4261,dc,1,2.3507944933843175
4262,dc,1,3.4955924843550226
4263,dc,1,7.003569273596466
4264,dc,1,3.8469193276794376
4265,dc,1,5.109959133055692
4266,dc,1,0.0
4267,dc,1,3.154132168145729
4268,dc,1,0.0
4269,dc,1,0.0
427,dc,1,0.0
4270,dc,1,4.837951276216119
4271,dc,1,2.51213045499472
4272,dc,1,0.0
4273,dc,1,0.0
4274,dc,1,0.0
4275,dc,1,0.0
4276,dc,1,0.45402244247376333
4277,dc,1,0.0
4278,dc,1,0.6999612493040355
4279,dc,1,6.207765532307593
428,dc,1,1.939485565449342
4280,dc,1,0.0
4281,dc,1,0.0
4282,dc,1,0.0
4283,dc,1,0.0
4284,dc,1,1.6731908020678252
4285,dc,1,0.0
4286,dc,1,5.192293374265722
4287,dc,1,6.609778541249775
4288,dc,1,6.659842685213796
4289,dc,1,0.0
429,dc,1,0.6235607821382242
4290,dc,1,0.0
4291,dc,1,0.0
4292,dc,1,0.0
4293,dc,1,0.0
4294,dc,1,24.953967751505466
4295,dc,1,4.9999757925696855
4296,dc,1,2.5317067330748757
4297,dc,1,0.0
4298,dc,1,6.224047172277474
4299,dc,1,1.6962709246167764
43,dc,0,
430,dc,1,0.0
4300,dc,1,24.007873580422626
4302,dc,1,2.4855302244728357
4303,dc,1,0.0
4304,dc,1,0.0
4305,dc,1,0.0
4306,dc,1,4.3503658010607555
4307,dc,1,0.0
4308,dc,1,24.657770181445635
4309,dc,1,0.0
431,dc,1,1.5744169774456607
4310,dc,1,5.033271738664931
4311,dc,1,0.0
4312,dc,1,0.0
4313,dc,1,6.034707671116854
4314,dc,1,0.0
4315,dc,1,0.0
4316,dc,1,5.6961137137704645
4317,dc,1,4.528272419693237
4318,dc,1,6.614012932929137
4319,dc,1,1.8954534967720131
432,dc,1,0.0
4320,dc,1,6.157433368841362
4321,dc,1,0.0
4322,dc,1,5.9261007886770996
4323,dc,1,0.0
4324,dc,1,0.0
4325,dc,1,0.0
4326,dc,1,4.322256892915551
4327,dc,1,0.0
4329,dc,1,5.290964892713314
433,dc,1,0.0
4330,dc,1,2.5920956884791204
4331,dc,1,0.0
4332,dc,1,4.280913698408638
4333,dc,1,2.7082425756391553
4334,dc,1,0.0
4335,dc,1,3.6261253218022738
4336,dc,1,0.0
4337,dc,1,0.0
4338,dc,1,0.0
4339,dc,1,0.0
434,dc,1,17.421037078766993
4340,dc,1,0.0
4341,dc,1,5.974010919610813
4342,dc,1,3.0268203110288336
4343,dc,1,15.627743596263343
4344,dc,1,4.831234471623809
4345,dc,1,4.164825990933831
4346,dc,1,0.0
4347,dc,1,6.138792829672553
4348,dc,0,
4349,dc,1,7.211632500271098
435,dc,1,2.144484454619304
4350,dc,1,8.736424633404958
4351,dc,1,7.284857367406945
4352,dc,1,8.81863855618236
4353,dc,1,4.061340972639783
4354,dc,1,7.631412364155535
4355,dc,1,5.310900095444394
4356,dc,1,7.637199558682237
4357,dc,1,4.742758248973143
4358,dc,1,6.003492224125477
4359,dc,1,7.777463470404825
436,dc,1,1.369183287962958
4360,dc,1,6.797682999106708
4361,dc,0,
4362,dc,1,5.523837093323683
4363,dc,1,8.108033352636877
4364,dc,1,5.884040455071162
4365,dc,1,4.242942363307986
4366,dc,1,4.2495618523051295
4367,dc,1,6.084372943469894
4368,dc,1,3.6638324936534263
4369,dc,1,8.21175339171492
437,dc,1,0.0
4370,dc,1,0.0
4371,dc,1,0.0
4372,dc,1,0.0
4373,dc,1,8.393641781504934
4374,dc,0,
4375,dc,1,0.0
4376,dc,1,3.937994561579363
4377,dc,0,
4378,dc,0,
4379,dc,1,5.1924593855917465
438,dc,1,1.6682516180260634
4380,dc,1,7.327594543254194
4381,dc,1,0.0
4382,dc,1,5.9287292131344325
4383,dc,1,0.0
4384,dc,1,0.0
4385,dc,1,2.1498754021029964
4386,dc,1,0.0
4387,dc,1,6.91711603363995
4388,dc,1,1.9276983511721049
4389,dc,1,0.0
439,dc,1,0.0
4390,dc,1,5.8204353561273985
4391,dc,1,0.0
4392,dc,1,6.3263988979679295
4393,dc,1,4.727286533886983
4394,dc,1,4.8624145702414125
4395,dc,1,8.03551291366513
4396,dc,1,5.680769396231715
4397,dc,1,2.204879493646208
4398,dc,1,10.495001931139575
4399,dc,1,8.710781211978741
44,dc,0,
440,dc,1,0.964295468897929
4400,dc,1,5.490691873173642
4401,dc,1,2.868309918851209
4402,dc,1,6.00015392774441
4403,dc,1,0.0
4404,dc,1,0.0
4405,dc,1,8.012826174526024
4406,dc,1,0.0
4407,dc,1,0.0
4408,dc,1,5.432535631066422
4409,dc,1,0.0
441,dc,1,1.909886813058296
4410,dc,1,0.0
4411,dc,1,2.9592057240933647
4412,dc,1,6.1246854475577726
4413,dc,0,
4414,dc,1,24.824457333803924
4415,dc,1,0.0
4416,dc,1,6.448250808462459
4417,dc,1,0.8607538607049108
4418,dc,1,0.0
4419,dc,1,10.298821145168336
442,dc,1,0.0
4420,dc,1,4.163734538077175
4421,dc,1,3.4228473349343043
4422,dc,1,5.058646465956542
4423,dc,0,
4424,dc,1,7.791304083795439
4425,dc,1,8.042803762365129
4426,dc,1,4.01726463244242
4427,dc,1,0.0
4428,dc,1,0.0
4429,dc,1,1.499410215960019
443,dc,1,0.0
4430,dc,1,0.0
4431,dc,1,4.616671665272859
4432,dc,1,4.575522221491226
4433,dc,1,8.090467830822318
4434,dc,1,4.325665271186717
4435,dc,1,0.0
4436,dc,1,0.0
4437,dc,1,0.0
4438,dc,1,7.517342192182134
4439,dc,1,7.067864321855855
444,dc,1,2.1650015528017335
4440,dc,1,1.6052105996632584
4441,dc,1,0.7205957234333369
4442,dc,1,23.15723724421906
4443,dc,1,0.0
4444,dc,1,5.364213276269822
4445,dc,1,5.555689104601258
4446,dc,0,
4447,dc,1,0.0
4448,dc,1,0.0
4449,dc,1,0.0
445,dc,1,1.8973667338550548
4450,dc,1,6.172344459740054
4451,dc,1,0.0
4452,dc,1,2.7926466694172176
4453,dc,1,0.0
4454,dc,0,
4455,dc,0,
4456,dc,0,
4457,dc,0,
4458,dc,0,
4459,dc,0,
446,dc,1,0.0
4460,dc,0,
4461,dc,0,
4462,dc,0,
4463,dc,0,
4464,dc,0,
4465,dc,0,
4466,dc,0,
4467,dc,0,
4468,dc,0,
4469,dc,0,
447,dc,1,0.0
4470,dc,0,
4471,dc,0,
4472,dc,0,
4473,dc,0,
4474,dc,0,
4475,dc,0,
4476,dc,0,
4477,dc,0,
4478,dc,0,
4479,dc,0,
448,dc,1,12.59001399304526
4480,dc,0,
4481,dc,0,
4482,dc,0,
4483,dc,0,
4484,dc,0,
4485,dc,0,
4486,dc,0,
4487,dc,0,
4488,dc,0,
4489,dc,0,
449,dc,1,0.0
4490,dc,0,
4491,dc,0,
4492,dc,0,
4493,dc,0,
4494,dc,0,
4495,dc,0,
4496,dc,0,
4497,dc,0,
4498,dc,0,
4499,dc,0,
45,dc,0,
450,dc,1,0.0
4500,dc,0,
4501,dc,0,
4502,dc,0,
4503,dc,0,
4504,dc,0,
4505,dc,0,
4506,dc,0,
4507,dc,0,
4508,dc,0,
4509,dc,0,
451,dc,1,14.050290504222632
4510,dc,0,
4511,dc,0,
4512,dc,0,
4513,dc,0,
4514,dc,0,
4515,dc,0,
4516,dc,0,
4517,dc,0,
4518,dc,0,
4519,dc,0,
452,dc,1,0.0
4520,dc,0,
4521,dc,0,
4522,dc,0,
4523,dc,0,
4524,dc,0,
4525,dc,0,
4526,dc,0,
4527,dc,0,
4528,dc,0,
4529,dc,0,
453,dc,1,1.9115629529012836
4530,dc,0,
4531,dc,0,
4532,dc,0,
4533,dc,0,
4534,dc,0,
4535,dc,0,
4536,dc,0,
4537,dc,0,
4538,dc,0,
4539,dc,0,
454,dc,1,0.0
4540,dc,0,
4541,dc,0,
4542,dc,0,
4543,dc,0,
4544,dc,0,
4545,dc,0,
4546,dc,0,
4547,dc,0,
4548,dc,0,
4549,dc,0,
455,dc,1,2.8485922565548836
4550,dc,0,
4551,dc,0,
4552,dc,0,
4553,dc,0,
4554,dc,1,3.1911755891203923
4555,dc,1,3.779393035970441
4556,dc,1,5.246945742642062
4557,dc,1,3.0830571856135367
4558,dc,1,6.132370033764569
4559,dc,1,4.0931564804057015
456,dc,1,2.171726865124789
4560,dc,1,0.0
4561,dc,1,2.355563999786658
4562,dc,1,6.1299691536588305
4563,dc,1,6.732316554064782
4564,dc,1,0.0
4565,dc,1,0.0
4566,dc,1,3.898628870635163
4567,dc,1,2.383252250525231
4568,dc,1,2.7848425660860214
4569,dc,1,0.0
457,dc,1,1.7560024442360462
4570,dc,1,0.0
4571,dc,1,0.0
4572,dc,1,0.0
4573,dc,1,3.3386837894741794
4574,dc,0,
4575,dc,1,8.741891066102772
4576,dc,1,1.4583098867856288
4577,dc,1,0.0
4578,dc,1,6.9880252844530855
4579,dc,1,8.297511153748639
458,dc,1,0.0
4580,dc,1,0.0
4581,dc,1,0.9242280849025482
4582,dc,1,0.0
4583,dc,1,0.0
4584,dc,1,0.0
4585,dc,1,7.092016441895133
4586,dc,1,7.0736710174518365
4587,dc,1,8.492534411677092
4588,dc,1,3.1225552648043786
4589,dc,1,3.1291444553741194
459,dc,1,2.4620286533246154
4590,dc,1,0.0
4591,dc,1,0.0
4592,dc,1,1.386083787863526
4593,dc,1,1.9291280641757922
4594,dc,0,
4595,dc,1,2.473776986175234
4596,dc,1,1.8952335670653087
4597,dc,1,5.196231946024672
4598,dc,1,0.0
4599,dc,1,0.0
46,dc,0,
460,dc,1,0.0
4600,dc,1,1.1953797368342298
4601,dc,0,
4602,dc,1,5.611950573837465
4603,dc,1,0.0
4604,dc,1,5.8506546591020525
4605,dc,1,9.111022336616593
4606,dc,1,0.0
4607,dc,1,6.431398166418431
4608,dc,1,9.003758107075177
4609,dc,1,5.221109605485954
461,dc,1,0.0
4610,dc,1,8.178732040119534
4611,dc,1,5.742146067347152
4612,dc,1,5.180578001962931
4613,dc,1,5.916710640588492
4614,dc,1,6.541237893605921
4615,dc,1,5.021420747988881
4616,dc,1,4.662134571775301
4617,dc,1,5.324340229538857
4618,dc,1,0.0
4619,dc,1,1.7781789660811431
462,dc,1,0.0
4620,dc,1,0.6339157130350541
4621,dc,1,19.325894006666225
4622,dc,1,2.8992285792189216
4623,dc,1,0.0
4624,dc,1,3.3191956952580695
4625,dc,1,0.0
4626,dc,1,0.0
4627,dc,1,0.0
4628,dc,1,0.0
4629,dc,1,0.0
463,dc,1,0.0
4630,dc,1,6.047181922383102
4631,dc,1,0.0
4632,dc,1,5.653512486491658
4633,dc,1,6.780437957645014
4634,dc,1,0.0
4635,dc,1,1.0298832006727825
4636,dc,1,0.0
4637,dc,1,5.3576575330414125
4638,dc,1,0.5117403556650469
4639,dc,1,0.0
464,dc,1,0.0
4640,dc,1,4.393407186348225
4641,dc,1,9.017302278672267
4642,dc,1,0.0
4643,dc,1,0.0
4644,dc,1,2.1944000764058944
4645,dc,1,4.670546344559784
4646,dc,1,0.0
4647,dc,1,0.0
4648,dc,1,5.759818113977059
4649,dc,1,7.298125379338709
465,dc,1,0.0
4650,dc,1,0.0
4651,dc,1,0.0
4652,dc,1,0.0
4653,dc,1,0.0
4654,dc,1,10.543165303692204
4655,dc,1,5.503427511666188
4656,dc,1,4.178597538350466
4657,dc,1,0.0
4658,dc,1,5.210274979129799
4659,dc,1,5.500542444946277
466,dc,1,0.0
4660,dc,1,0.0
4661,dc,1,0.0
4662,dc,1,4.875656704313489
4663,dc,1,0.0
4664,dc,1,6.285422003920616
4665,dc,1,7.112215945339861
4666,dc,1,0.0
4667,dc,1,0.0
4668,dc,1,6.096348915346546
4669,dc,1,2.441518345988274
467,dc,1,0.0
4670,dc,1,5.806209725670275
4671,dc,1,4.266202674689562
4672,dc,1,5.879483404265926
4673,dc,1,5.56444905156715
4674,dc,1,5.034049163426676
4675,dc,1,5.323102860093947
4676,dc,1,0.0
4677,dc,1,0.0
4678,dc,1,4.621333172936907
4679,dc,1,4.236094897491461
468,dc,1,1.3735755431939403
4680,dc,1,6.320463980382362
4681,dc,1,4.429401939679756
4682,dc,1,3.149666106480895
4683,dc,1,0.0
4684,dc,1,3.5017600728005296
4685,dc,1,0.0
4686,dc,1,5.003190566759184
4687,dc,1,0.0
4688,dc,1,2.1905264614590476
4689,dc,1,2.826433863803027
469,dc,1,3.36977004786513
4690,dc,1,6.483704454585424
4691,dc,1,6.784089815305763
4692,dc,1,0.9275268762170081
4693,dc,1,4.468587706512341
4694,dc,1,1.0129240974948535
4695,dc,1,0.0
4696,dc,1,0.0
4697,dc,1,4.451852667774956
4698,dc,1,7.478973373231679
4699,dc,1,0.0
47,dc,0,
470,dc,1,0.0
4700,dc,1,10.098099825593266
4701,dc,1,0.0
4702,dc,1,0.0
4703,dc,1,5.9363173548782555
4704,dc,1,0.0
4705,dc,1,5.707592344789554
4706,dc,1,0.011557394524359197
4707,dc,1,0.0
4708,dc,1,3.9111554105553896
4709,dc,1,0.0
471,dc,1,0.0
4710,dc,1,5.849727585341096
4711,dc,1,3.036135703178005
4712,dc,1,4.108066869133834
4713,dc,1,0.0
4714,dc,1,3.6749110595173606
4715,dc,1,3.974968942258866
4716,dc,0,
4717,dc,0,
4718,dc,0,
4719,dc,0,
472,dc,1,0.0
4720,dc,1,6.992697751687171
4721,dc,1,0.0
4722,dc,1,6.836051622920467
4723,dc,0,
4724,dc,0,
4725,dc,1,13.673057513258472
4726,dc,1,0.0
4727,dc,1,2.4077793892453783
4728,dc,1,13.219725471202695
4729,dc,1,19.034550491843145
473,dc,1,0.0
4730,dc,1,0.0
4731,dc,1,0.0
4732,dc,1,2.0303941691818546
4733,dc,1,7.714570803141065
4734,dc,1,15.032362744804274
4735,dc,1,0.0
4736,dc,1,3.9325035455610773
4737,dc,1,5.4427585480869904
4738,dc,1,0.0
4739,dc,1,8.421183700276933
474,dc,1,2.1558371181348415
4740,dc,1,0.0
4741,dc,1,5.29198584139247
4742,dc,1,1.608297831271979
4743,dc,1,4.375054857978152
4744,dc,1,8.491057061434041
4745,dc,0,
4746,dc,0,
4747,dc,0,
4748,dc,0,
4749,dc,0,
475,dc,0,
4750,dc,0,
4751,dc,0,
4752,dc,0,
4753,dc,0,
4754,dc,0,
4755,dc,0,
4756,dc,0,
4757,dc,0,
4758,dc,0,
4759,dc,0,
476,dc,1,3.0445114047361646
4760,dc,0,
4761,dc,0,
4762,dc,0,
4763,dc,0,
4764,dc,0,
4765,dc,0,
4766,dc,0,
4767,dc,0,
4768,dc,0,
4769,dc,0,
477,dc,1,1.9607179941035955
4770,dc,0,
4771,dc,0,
4772,dc,0,
4773,dc,0,
4774,dc,0,
4775,dc,0,
4776,dc,0,
4777,dc,0,
4778,dc,0,
4779,dc,0,
478,dc,1,0.0
4780,dc,0,
4781,dc,0,
4782,dc,0,
4783,dc,0,
4784,dc,0,
4785,dc,0,
4786,dc,0,
4787,dc,0,
4788,dc,0,
4789,dc,0,
479,dc,1,0.0
4790,dc,0,
4791,dc,1,4.638093335830352
4792,dc,1,9.844234835172523
4793,dc,1,0.0
4794,dc,1,1.783109808812033
4795,dc,1,0.0
4796,dc,1,0.0
4797,dc,1,7.54243000840974
4798,dc,1,0.0
4799,dc,1,2.704666515395373
48,dc,0,
480,dc,1,0.6776941596925207
4800,dc,1,5.70991195378288
4801,dc,1,1.817000422043239
4802,dc,1,0.0
4803,dc,1,0.0
4804,dc,1,7.23515435498633
4805,dc,1,2.4742662137628586
4806,dc,1,0.0
4807,dc,1,0.0
4808,dc,1,2.828563691677683
4809,dc,1,1.8588043964496472
481,dc,1,0.0
4810,dc,1,2.9225715880355554
4811,dc,1,4.656645842782134
4812,dc,1,0.0
4813,dc,1,0.0
4814,dc,1,2.448964296824404
4815,dc,1,5.818873428908203
4816,dc,1,6.30903453109837
4817,dc,1,0.0
4818,dc,1,3.198695861185363
4819,dc,1,6.614982888323349
482,dc,1,0.0
4820,dc,1,0.0
4821,dc,1,1.0045557373631269
4822,dc,1,6.033634868975559
4823,dc,1,22.066637626751795
4824,dc,1,5.621758553488436
4825,dc,1,0.0
4826,dc,1,0.0
4827,dc,1,4.632547735233254
4828,dc,1,0.0
4829,dc,1,0.0
483,dc,1,0.0
4830,dc,1,6.532890595103441
4831,dc,1,0.0
4832,dc,1,0.0
4833,dc,1,0.0
4834,dc,1,2.2700803806976197
4835,dc,1,0.0
4836,dc,1,4.540487994222599
4837,dc,1,0.0
4838,dc,1,2.2479379947596945
4839,dc,1,3.47414780748391
484,dc,1,0.0
4840,dc,1,6.278415998317067
4841,dc,1,1.744018441592972
4842,dc,1,17.345110793908535
4843,dc,1,0.0
4844,dc,1,5.671455339855141
4845,dc,1,0.0
4846,dc,1,0.0
4847,dc,1,0.0
4848,dc,1,6.893956204852159
4849,dc,1,0.0
485,dc,1,1.7865987532259753
4850,dc,1,5.7968668230644145
4851,dc,1,5.844228733092336
4852,dc,1,0.0
4853,dc,1,5.079181355532799
4854,dc,1,1.6119438652748583
4855,dc,1,0.0
4856,dc,1,0.0
4857,dc,1,6.202165884702481
4858,dc,1,0.0
4859,dc,1,0.0
486,dc,1,0.0
4860,dc,1,6.593913300377678
4861,dc,1,4.909544100223104
4862,dc,1,8.426100256554898
4863,dc,1,0.0
4864,dc,1,0.0
4865,dc,1,0.0
4866,dc,1,0.0
4867,dc,1,6.864521868046696
4868,dc,1,4.366316090644747
4869,dc,1,8.618057466071463
487,dc,1,2.2039721536187766
4870,dc,1,6.73698194784215
4871,dc,1,0.0
4872,dc,1,1.2614408866189981
4873,dc,1,0.0
4874,dc,1,4.659451084902282
4875,dc,1,0.0
4876,dc,1,6.505684083413517
4877,dc,1,0.0
4878,dc,1,3.3081118691840223
4879,dc,1,0.03601743374392282
488,dc,1,0.0
4880,dc,1,0.32676623548487627
4881,dc,1,0.0
4882,dc,1,4.862722314939995
4883,dc,1,0.0
4884,dc,1,0.0
4885,dc,1,1.1448700251473147
4886,dc,1,6.8785498700388334
4887,dc,1,0.0
4888,dc,1,5.048008563494901
4889,dc,1,4.938274904759923
489,dc,1,0.0
4890,dc,1,2.790443082112648
4891,dc,1,0.0
4892,dc,1,12.908123862641146
4893,dc,1,0.0
4894,dc,1,0.0
4895,dc,1,7.430897662647892
4896,dc,1,14.52656904047761
4897,dc,1,0.0
4898,dc,1,0.0
4899,dc,1,5.197857015946263
49,dc,0,
490,dc,1,2.1510725148313647
4900,dc,1,0.0
4901,dc,1,0.0
4902,dc,1,5.569101191611125
4903,dc,1,4.338471448135929
4904,dc,1,4.758289974387271
4905,dc,1,6.301641451953014
4906,dc,1,6.927973444792435
4907,dc,1,2.237250990254217
4908,dc,1,0.0
4909,dc,1,0.0
491,dc,1,0.0
4910,dc,1,2.3945605834890067
4911,dc,1,5.198582268625705
4912,dc,1,14.7594180002312
4913,dc,1,7.101442852922775
4914,dc,1,1.2586570823844967
4915,dc,1,0.0
4916,dc,1,1.9091834582291263
4917,dc,1,3.7580740795097674
4918,dc,1,6.954009089811694
4919,dc,0,
492,dc,1,0.0
4920,dc,0,
4921,dc,0,
4922,dc,0,
4923,dc,0,
4924,dc,0,
4925,dc,0,
4926,dc,0,
4927,dc,0,
4928,dc,0,
4929,dc,0,
493,dc,1,6.437013215045817
4930,dc,0,
4931,dc,0,
4932,dc,0,
4933,dc,0,
4934,dc,0,
4935,dc,0,
4936,dc,0,
4937,dc,0,
4938,dc,0,
4939,dc,0,
494,dc,1,0.0
4940,dc,0,
4941,dc,0,
4942,dc,0,
4943,dc,0,
4944,dc,0,
4945,dc,0,
4946,dc,0,
4947,dc,0,
4948,dc,0,
4949,dc,0,
495,dc,1,0.0
4950,dc,0,
4951,dc,1,3.152209439968525
4952,dc,1,10.993381961231064
4953,dc,1,0.0
4954,dc,0,
4955,dc,0,
4956,dc,0,
4957,dc,0,
4958,dc,0,
4959,dc,1,6.170807231805595
496,dc,1,0.0
4960,dc,1,4.361307673968258
4961,dc,1,9.515325914997353
4962,dc,1,11.744918595131132
4963,dc,1,3.8817734243562576
4964,dc,1,0.0
4965,dc,1,3.136210665267518
4966,dc,1,10.721005199598183
4967,dc,1,6.101826520901593
4968,dc,1,2.9946799833000237
4969,dc,1,6.743716743437242
497,dc,1,0.0
4970,dc,0,
4971,dc,0,
4972,dc,0,
4973,dc,0,
4974,dc,0,
4975,dc,0,
4976,dc,0,
4977,dc,0,
4978,dc,0,
4979,dc,0,
498,dc,1,0.0
4980,dc,0,
4981,dc,0,
4982,dc,0,
4983,dc,0,
4984,dc,0,
4985,dc,0,
4986,dc,0,
4987,dc,0,
4988,dc,0,
4989,dc,0,
499,dc,0,
4990,dc,0,
4991,dc,0,
4992,dc,0,
4993,dc,0,
4994,dc,0,
4995,dc,0,
4996,dc,0,
4997,dc,0,
4998,dc,0,
4999,dc,0,
5,dc,0,
50,dc,0,
500,dc,0,
501,dc,1,4.047968898957094
502,dc,1,1.8045903959040355
503,dc,1,16.2942023074981
504,dc,1,0.0
505,dc,1,0.0
506,dc,1,0.0
507,dc,1,20.156161987826774
508,dc,1,0.0
509,dc,1,0.0
51,dc,0,
510,dc,0,
511,dc,1,0.0
512,dc,1,0.28798581151036795
513,dc,1,2.1226650750847145
514,dc,1,17.03908254599381
515,dc,1,21.07906498306319
516,dc,1,13.927191738968302
517,dc,1,0.0
518,dc,1,0.0
519,dc,1,0.0
52,dc,0,
520,dc,1,0.0
521,dc,1,0.0
522,dc,1,0.0
523,dc,1,0.0
524,dc,1,0.0
525,dc,1,1.9857577468966021
526,dc,1,0.0
527,dc,1,0.0
528,dc,1,0.0
529,dc,1,0.0
53,dc,0,
530,dc,1,0.0
531,dc,1,0.0
532,dc,1,0.0
533,dc,1,0.0
534,dc,1,23.73432483006761
535,dc,1,0.0
536,dc,1,0.0
537,dc,1,0.0
538,dc,1,1.2918255999356405
539,dc,1,11.77421460017862
54,dc,0,
540,dc,1,1.6176193008208428
541,dc,1,3.377813036720497
542,dc,1,0.0
543,dc,1,0.0
544,dc,1,0.0
545,dc,1,1.8822191357746867
546,dc,1,2.7329952352323867
547,dc,1,1.5409827355596961
548,dc,1,3.3258341487210012
549,dc,1,0.0
55,dc,0,
550,dc,1,14.092288638457934
551,dc,1,0.0
552,dc,1,1.8769522358251989
553,dc,1,2.769915907993716
554,dc,1,0.0
555,dc,1,0.0
556,dc,1,2.2634647868114155
557,dc,1,8.889612955725479
558,dc,1,0.0
559,dc,1,0.0
56,dc,0,
560,dc,1,0.0
561,dc,1,0.0
562,dc,1,0.0
563,dc,1,0.0
564,dc,1,0.0
565,dc,1,0.0
566,dc,1,6.03353584732154
567,dc,1,0.0
568,dc,1,0.0
569,dc,1,6.102935642178901
57,dc,0,
570,dc,1,0.0
571,dc,1,0.0
572,dc,1,0.0
573,dc,1,2.155291265767083
574,dc,1,2.9992790188503
575,dc,1,22.149700668521145
576,dc,1,0.0
577,dc,0,
578,dc,1,2.1434524148721255
579,dc,1,1.4327282477517673
58,dc,0,
580,dc,1,0.0
581,dc,1,1.1340038579139777
582,dc,1,0.0
583,dc,1,0.0
584,dc,1,0.0
585,dc,1,0.0
586,dc,1,0.0
587,dc,1,0.0
588,dc,1,0.0
589,dc,1,21.651719801745696
59,dc,0,
590,dc,1,1.8796932619109499
591,dc,1,1.86092036996591
592,dc,1,0.0
593,dc,1,0.0
594,dc,1,10.063506998216171
595,dc,1,1.981698018827624
596,dc,1,0.0
597,dc,1,1.9963394738313653
599,dc,1,0.0
6,dc,0,
60,dc,0,
600,dc,1,0.0
601,dc,1,2.1447958366066455
602,dc,1,0.0
603,dc,1,2.1166799380745416
604,dc,1,0.0
605,dc,1,0.0
606,dc,1,1.3877327862458833
607,dc,1,2.047592274597161
608,dc,1,2.355957648104222
609,dc,1,0.0
61,dc,0,
610,dc,1,0.0
611,dc,1,15.040426411470131
612,dc,1,7.111199423172845
613,dc,1,0.0
614,dc,1,0.0
615,dc,1,3.9668431041166703
616,dc,1,0.0
617,dc,1,0.0
618,dc,1,0.0
619,dc,1,0.0
62,dc,0,
620,dc,1,0.0
621,dc,1,0.0
622,dc,1,0.0
623,dc,1,0.0
624,dc,1,6.658666805578393
625,dc,1,0.0
626,dc,1,0.0
627,dc,1,0.0
628,dc,1,5.463141752224453
629,dc,1,2.036907306596513
63,dc,0,
630,dc,1,0.0
631,dc,1,0.0
632,dc,1,0.0
633,dc,1,5.998433320272709
634,dc,1,4.453146916673854
635,dc,1,0.0
636,dc,1,1.7751070221001823
637,dc,1,3.8535368674579966
638,dc,1,3.332859268109271
639,dc,1,1.8753930464449533
64,dc,0,
640,dc,1,0.0
641,dc,1,0.0
642,dc,0,
643,dc,1,0.0
644,dc,1,0.0
645,dc,1,0.0
646,dc,1,14.629168774242505
647,dc,1,6.459131512974423
648,dc,1,7.427990376903714
649,dc,1,8.277704947208303
65,dc,0,
650,dc,1,0.0
651,dc,1,2.417558965602663
652,dc,1,14.074133580961831
653,dc,1,0.0
654,dc,1,0.0
655,dc,1,5.403190268350693
656,dc,1,7.735557913306846
657,dc,1,0.6967439876827305
658,dc,1,7.475233569911136
659,dc,1,2.149050823317424
66,dc,0,
660,dc,0,
661,dc,1,0.0
662,dc,1,9.520951745381192
663,dc,0,
664,dc,1,2.408733259020619
665,dc,1,0.0
666,dc,1,0.0
667,dc,1,6.273043770262825
668,dc,1,6.4122995740238276
669,dc,0,
67,dc,0,
670,dc,1,0.0
671,dc,0,
672,dc,1,0.0
673,dc,1,5.310448981967358
674,dc,1,0.0
675,dc,1,0.0
676,dc,1,0.0
677,dc,1,1.2620640029636583
678,dc,1,0.0
679,dc,1,0.0
68,dc,0,
680,dc,1,9.844130450016516
681,dc,1,10.259029580232525
682,dc,1,0.0
683,dc,1,2.4331211356040456
684,dc,1,0.0
685,dc,1,7.148302168025164
686,dc,1,17.865469874151007
687,dc,1,1.7345796356545007
688,dc,1,2.706102618452273
689,dc,0,
69,dc,0,
690,dc,1,0.0
691,dc,1,0.0
692,dc,1,19.340628646868534
693,dc,1,5.043974690920272
694,dc,1,0.0
695,dc,1,0.0
696,dc,1,0.0
697,dc,0,
698,dc,1,2.4097851590158377
699,dc,0,
7,dc,0,
70,dc,0,
700,dc,1,1.8163047224308362
701,dc,1,0.0
702,dc,1,1.94407948418388
703,dc,1,0.0
704,dc,0,
705,dc,0,
706,dc,0,
707,dc,0,
708,dc,0,
709,dc,1,0.0
71,dc,0,
710,dc,1,5.843573501530745
711,dc,0,
712,dc,1,0.0
713,dc,1,0.0
714,dc,1,0.0
715,dc,1,0.0
716,dc,1,0.0
717,dc,0,
718,dc,1,17.32414015438757
719,dc,1,2.7449219715317543
72,dc,0,
720,dc,0,
721,dc,1,10.407505420520593
722,dc,1,0.0
723,dc,0,
724,dc,0,
725,dc,0,
726,dc,0,
727,dc,0,
728,dc,0,
729,dc,0,
73,dc,0,
730,dc,0,
731,dc,0,
732,dc,0,
733,dc,0,
734,dc,0,
735,dc,0,
736,dc,0,
737,dc,0,
738,dc,0,
739,dc,0,
74,dc,0,
740,dc,0,
741,dc,0,
742,dc,0,
743,dc,0,
744,dc,0,
745,dc,0,
746,dc,0,
747,dc,0,
748,dc,0,
749,dc,0,
75,dc,0,
750,dc,0,
751,dc,0,
752,dc,0,
753,dc,0,
754,dc,0,
755,dc,0,
756,dc,0,
757,dc,0,
758,dc,0,
759,dc,0,
76,dc,0,
760,dc,0,
761,dc,0,
762,dc,0,
763,dc,0,
764,dc,0,
765,dc,0,
766,dc,0,
767,dc,0,
768,dc,0,
769,dc,0,
77,dc,0,
770,dc,0,
771,dc,1,0.0
772,dc,1,3.008545374117959
773,dc,1,0.0
774,dc,1,0.0
775,dc,1,0.0
776,dc,1,0.0
777,dc,1,0.0
778,dc,1,4.013427408388754
779,dc,1,0.0
78,dc,0,
780,dc,1,0.0
781,dc,1,2.1547561034042517
782,dc,1,2.0294320613143144
783,dc,1,0.0
784,dc,1,0.0
785,dc,1,0.0
786,dc,1,0.0
787,dc,1,0.0
788,dc,1,0.0
789,dc,1,3.7680644760991555
79,dc,0,
790,dc,1,1.5306061489358513
791,dc,1,2.237138474003415
792,dc,1,0.0
793,dc,1,0.0
794,dc,1,0.0
795,dc,1,0.0
796,dc,1,0.0
797,dc,1,2.0231494142836004
798,dc,1,0.0
799,dc,1,0.0
8,dc,0,
80,dc,0,
800,dc,1,0.0
801,dc,0,
802,dc,1,0.0
803,dc,1,20.564004127298702
804,dc,1,1.93331598734221
805,dc,1,1.9632930428844906
806,dc,1,2.0120495480468286
807,dc,1,0.0
808,dc,1,0.0
809,dc,1,0.0
81,dc,0,
810,dc,1,0.0
811,dc,1,0.0
812,dc,1,1.9442773088500316
813,dc,1,0.0
814,dc,1,0.0
815,dc,1,1.5733307741808684
816,dc,1,4.662426922265893
817,dc,1,0.0
818,dc,1,0.0
819,dc,1,1.576324592471162
82,dc,0,
820,dc,1,0.0
821,dc,1,0.0
822,dc,1,0.0
823,dc,1,1.205146092677266
824,dc,1,0.0
825,dc,1,1.096883721215224
826,dc,1,0.0
827,dc,1,0.0
828,dc,1,0.0
829,dc,1,0.0
83,dc,0,
830,dc,1,0.0
831,dc,1,0.0
832,dc,1,24.753994340713582
833,dc,1,0.0
834,dc,1,0.0
835,dc,1,2.1147696325515843
836,dc,1,0.0
837,dc,1,0.0
838,dc,1,0.0
839,dc,1,0.0
84,dc,0,
840,dc,1,0.0
841,dc,1,0.0
842,dc,1,0.0
843,dc,1,0.0
844,dc,1,0.0
845,dc,0,
846,dc,1,1.0152364571395158
847,dc,1,2.0919712974971683
848,dc,1,2.179433658496004
849,dc,1,0.0
85,dc,0,
850,dc,1,0.0
851,dc,1,2.0009741637739324
852,dc,1,0.0
853,dc,1,1.981293188290618
854,dc,1,2.3943559437075135
855,dc,1,0.0
856,dc,1,2.3547823871092595
857,dc,1,0.0
858,dc,1,2.677651021452525
859,dc,1,1.9561322816626672
86,dc,0,
860,dc,1,0.0
861,dc,1,14.500679635050785
862,dc,1,2.226420500837385
863,dc,1,0.0
864,dc,1,2.084110343134553
865,dc,1,0.0
866,dc,0,
867,dc,1,1.827624992435177
868,dc,1,0.0
869,dc,1,0.0
87,dc,0,
870,dc,1,0.0
871,dc,0,
872,dc,1,1.7115521267703455
873,dc,1,0.0
874,dc,1,2.283749270849951
875,dc,1,0.0
876,dc,1,1.8215868472697456
877,dc,1,0.0
878,dc,1,0.0
879,dc,1,0.0
88,dc,0,
880,dc,1,0.0
881,dc,1,0.0
882,dc,1,0.0
883,dc,1,1.9729206755077568
884,dc,1,0.0
885,dc,1,1.9907158829487424
886,dc,1,4.498558299173912
887,dc,1,0.0
888,dc,1,0.0
889,dc,1,0.0
89,dc,0,
890,dc,1,1.904002598793019
891,dc,1,0.0
892,dc,1,7.376230210239978
893,dc,1,1.8729638488315208
894,dc,1,0.0
895,dc,1,0.0
896,dc,1,0.0
897,dc,1,0.0
898,dc,1,0.0
899,dc,1,0.0
9,dc,0,
90,dc,0,
900,dc,1,0.0
901,dc,1,0.0
902,dc,1,0.0
903,dc,1,0.6125630712290723
904,dc,1,2.4021296697111207
905,dc,1,0.0
906,dc,1,1.5589197857735404
907,dc,1,0.0
908,dc,1,1.4098845516501404
909,dc,1,0.0
91,dc,0,
910,dc,1,0.0
911,dc,1,0.0
912,dc,1,2.2007892371715037
913,dc,1,0.0
914,dc,1,0.0
915,dc,1,1.8603360071999355
916,dc,1,0.0
917,dc,1,0.0
918,dc,1,0.0
919,dc,1,0.0
92,dc,0,
920,dc,1,0.0
921,dc,1,2.015692759073214
922,dc,1,2.496855008318101
923,dc,1,2.062036075590401
924,dc,1,0.0
925,dc,1,2.2034465642812266
926,dc,1,2.019033574085218
927,dc,1,0.0
928,dc,1,0.0
929,dc,1,0.0
93,dc,1,7.657497819516878
930,dc,1,0.0
931,dc,1,9.761444728381518
932,dc,1,0.0
933,dc,1,0.0
934,dc,1,0.0
935,dc,0,
936,dc,1,0.0
937,dc,1,3.7211301333748676
938,dc,1,2.1982807831713593
939,dc,1,0.0
94,dc,1,0.0
940,dc,1,2.88842235173143
941,dc,1,0.0
942,dc,1,0.0
943,dc,1,3.026302902366074
944,dc,1,0.0
945,dc,1,0.0
946,dc,1,9.650333714469056
947,dc,1,0.0
948,dc,1,0.0
949,dc,1,0.0
95,dc,0,
950,dc,1,0.0
951,dc,0,
952,dc,1,0.0
953,dc,0,
954,dc,1,2.597700194562111
955,dc,1,2.160837093253013
956,dc,1,3.858186443313464
957,dc,1,0.0
958,dc,1,0.0
959,dc,1,2.1122827239222954
96,dc,0,
960,dc,1,0.557123628795875
961,dc,1,0.0
962,dc,1,0.0
963,dc,1,0.0
964,dc,1,0.0
965,dc,1,0.0
966,dc,1,3.102461910274269
967,dc,1,1.3803335262957017
968,dc,1,0.0
969,dc,1,1.6748952959925127
97,dc,0,
970,dc,1,15.493101677229745
971,dc,1,0.0
972,dc,1,0.0
973,dc,1,2.2089269267291605
974,dc,1,5.848365358945825
975,dc,1,0.0
976,dc,1,0.0
977,dc,1,3.389747804108478
978,dc,1,0.0
979,dc,1,0.0
98,dc,0,
980,dc,1,0.0
981,dc,0,
982,dc,1,0.0
983,dc,1,0.0
984,dc,1,0.0
985,dc,1,0.0
986,dc,1,2.0773060794827116
987,dc,1,0.0
988,dc,1,0.0
989,dc,1,2.716185560657767
99,dc,0,
990,dc,1,0.0
991,dc,1,0.0
992,dc,1,0.0
993,dc,1,0.0
994,dc,1,1.971869202707702
995,dc,1,2.53100834310793
996,dc,1,1.91426959310487
997,dc,1,0.0
998,dc,1,0.0
999,dc,1,0.0
